ISO-10303-21;
HEADER;
/* Generated by software containing ST-Developer
 * from STEP Tools, Inc. (www.steptools.com) 
 */

FILE_DESCRIPTION(
/* description */ (''),
/* implementation_level */ '2;1');

FILE_NAME(
/* name */ 'Current_LOG_Design1.step',
/* time_stamp */ '2025-12-09T10:52:21-08:00',
/* author */ (''),
/* organization */ (''),
/* preprocessor_version */ 'ST-DEVELOPER v20.1',
/* originating_system */ 'Autodesk Translation Framework v14.21.0.0',
/* authorisation */ '');

FILE_SCHEMA (('AUTOMOTIVE_DESIGN { 1 0 10303 214 3 1 1 }'));
ENDSEC;

DATA;
#10=MECHANICAL_DESIGN_GEOMETRIC_PRESENTATION_REPRESENTATION('',(#17,#18,
#19,#20,#21,#22,#23,#24,#25,#26,#27,#28),#5172);
#11=ITEM_DEFINED_TRANSFORMATION($,$,#3226,#3435);
#12=(
REPRESENTATION_RELATIONSHIP($,$,#5186,#5185)
REPRESENTATION_RELATIONSHIP_WITH_TRANSFORMATION(#11)
SHAPE_REPRESENTATION_RELATIONSHIP()
);
#13=CONTEXT_DEPENDENT_SHAPE_REPRESENTATION(#12,#5184);
#14=NEXT_ASSEMBLY_USAGE_OCCURRENCE('BaseChassis:1','BaseChassis:1',
'BaseChassis:1',#5188,#5189,'BaseChassis:1');
#15=SHAPE_REPRESENTATION_RELATIONSHIP('SRR','None',#5186,#16);
#16=ADVANCED_BREP_SHAPE_REPRESENTATION('',(#29,#30,#31,#32,#33,#34,#35,
#36,#37,#38,#39,#40),#5171);
#17=STYLED_ITEM('',(#5200),#29);
#18=STYLED_ITEM('',(#5200),#30);
#19=STYLED_ITEM('',(#5200),#31);
#20=STYLED_ITEM('',(#5200),#32);
#21=STYLED_ITEM('',(#5200),#33);
#22=STYLED_ITEM('',(#5200),#34);
#23=STYLED_ITEM('',(#5200),#35);
#24=STYLED_ITEM('',(#5200),#36);
#25=STYLED_ITEM('',(#5200),#37);
#26=STYLED_ITEM('',(#5200),#38);
#27=STYLED_ITEM('',(#5200),#39);
#28=STYLED_ITEM('',(#5200),#40);
#29=MANIFOLD_SOLID_BREP('Body58',#3201);
#30=MANIFOLD_SOLID_BREP('Body67',#3202);
#31=MANIFOLD_SOLID_BREP('Body68',#3203);
#32=MANIFOLD_SOLID_BREP('Body69',#3204);
#33=MANIFOLD_SOLID_BREP('Body72',#3205);
#34=MANIFOLD_SOLID_BREP('Body71',#3206);
#35=MANIFOLD_SOLID_BREP('Body70',#3207);
#36=MANIFOLD_SOLID_BREP('Body73',#3208);
#37=MANIFOLD_SOLID_BREP('Body74',#3209);
#38=MANIFOLD_SOLID_BREP('Body75',#3210);
#39=MANIFOLD_SOLID_BREP('Body76',#3211);
#40=MANIFOLD_SOLID_BREP('Body78',#3212);
#41=FACE_BOUND('',#356,.T.);
#42=FACE_BOUND('',#357,.T.);
#43=FACE_BOUND('',#359,.T.);
#44=FACE_BOUND('',#383,.T.);
#45=FACE_BOUND('',#384,.T.);
#46=FACE_BOUND('',#389,.T.);
#47=FACE_BOUND('',#390,.T.);
#48=FACE_BOUND('',#391,.T.);
#49=FACE_BOUND('',#397,.T.);
#50=FACE_BOUND('',#398,.T.);
#51=FACE_BOUND('',#399,.T.);
#52=FACE_BOUND('',#403,.T.);
#53=CIRCLE('',#3275,0.360555139053263);
#54=CIRCLE('',#3276,0.360555139053263);
#55=CIRCLE('',#3286,0.177165354330709);
#56=CIRCLE('',#3287,0.177165354330709);
#57=CIRCLE('',#3290,0.177165354330708);
#58=CIRCLE('',#3291,0.177165354330708);
#59=CIRCLE('',#3292,0.177165354330708);
#60=CIRCLE('',#3303,0.177165354330709);
#61=CIRCLE('',#3304,0.177165354330709);
#62=CIRCLE('',#3307,0.177165354330709);
#63=CIRCLE('',#3308,0.177165354330709);
#64=CIRCLE('',#3315,0.177165354330709);
#65=CIRCLE('',#3316,0.177165354330709);
#66=CIRCLE('',#3318,0.177165354330709);
#67=CIRCLE('',#3319,0.177165354330709);
#68=CIRCLE('',#3325,0.177165354330709);
#69=CIRCLE('',#3338,0.177165354330709);
#70=CIRCLE('',#3342,0.177165354330709);
#71=CIRCLE('',#3343,0.177165354330709);
#72=CIRCLE('',#3346,0.177165354330709);
#73=CIRCLE('',#3347,0.177165354330709);
#74=CIRCLE('',#3363,0.110236220472441);
#75=CIRCLE('',#3365,0.110236220472441);
#76=CIRCLE('',#3368,0.0590551181102362);
#77=CIRCLE('',#3369,0.0590551181102362);
#78=CIRCLE('',#3373,0.0590551181102362);
#79=CIRCLE('',#3375,0.0590551181102362);
#80=CIRCLE('',#3378,0.110236220472441);
#81=CIRCLE('',#3380,0.110236220472441);
#82=CIRCLE('',#3383,0.0590551181102362);
#83=CIRCLE('',#3384,0.0590551181102362);
#84=CIRCLE('',#3388,0.0590551181102362);
#85=CIRCLE('',#3390,0.0590551181102362);
#86=CIRCLE('',#3393,0.110236220472441);
#87=CIRCLE('',#3395,0.110236220472441);
#88=CIRCLE('',#3398,0.0590551181102362);
#89=CIRCLE('',#3399,0.0590551181102362);
#90=CIRCLE('',#3403,0.0590551181102362);
#91=CIRCLE('',#3405,0.0590551181102362);
#92=CYLINDRICAL_SURFACE('',#3274,0.360555139053263);
#93=CYLINDRICAL_SURFACE('',#3285,0.177165354330709);
#94=CYLINDRICAL_SURFACE('',#3289,0.177165354330708);
#95=CYLINDRICAL_SURFACE('',#3302,0.177165354330709);
#96=CYLINDRICAL_SURFACE('',#3306,0.177165354330709);
#97=CYLINDRICAL_SURFACE('',#3322,0.177165354330709);
#98=CYLINDRICAL_SURFACE('',#3324,0.177165354330709);
#99=CYLINDRICAL_SURFACE('',#3341,0.177165354330709);
#100=CYLINDRICAL_SURFACE('',#3345,0.177165354330709);
#101=CYLINDRICAL_SURFACE('',#3366,0.110236220472441);
#102=CYLINDRICAL_SURFACE('',#3367,0.0590551181102362);
#103=CYLINDRICAL_SURFACE('',#3376,0.0590551181102362);
#104=CYLINDRICAL_SURFACE('',#3381,0.110236220472441);
#105=CYLINDRICAL_SURFACE('',#3382,0.0590551181102362);
#106=CYLINDRICAL_SURFACE('',#3391,0.0590551181102362);
#107=CYLINDRICAL_SURFACE('',#3396,0.110236220472441);
#108=CYLINDRICAL_SURFACE('',#3397,0.0590551181102362);
#109=CYLINDRICAL_SURFACE('',#3406,0.0590551181102362);
#110=FACE_OUTER_BOUND('',#279,.T.);
#111=FACE_OUTER_BOUND('',#280,.T.);
#112=FACE_OUTER_BOUND('',#281,.T.);
#113=FACE_OUTER_BOUND('',#282,.T.);
#114=FACE_OUTER_BOUND('',#283,.T.);
#115=FACE_OUTER_BOUND('',#284,.T.);
#116=FACE_OUTER_BOUND('',#285,.T.);
#117=FACE_OUTER_BOUND('',#286,.T.);
#118=FACE_OUTER_BOUND('',#287,.T.);
#119=FACE_OUTER_BOUND('',#288,.T.);
#120=FACE_OUTER_BOUND('',#289,.T.);
#121=FACE_OUTER_BOUND('',#290,.T.);
#122=FACE_OUTER_BOUND('',#291,.T.);
#123=FACE_OUTER_BOUND('',#292,.T.);
#124=FACE_OUTER_BOUND('',#293,.T.);
#125=FACE_OUTER_BOUND('',#294,.T.);
#126=FACE_OUTER_BOUND('',#295,.T.);
#127=FACE_OUTER_BOUND('',#296,.T.);
#128=FACE_OUTER_BOUND('',#297,.T.);
#129=FACE_OUTER_BOUND('',#298,.T.);
#130=FACE_OUTER_BOUND('',#299,.T.);
#131=FACE_OUTER_BOUND('',#300,.T.);
#132=FACE_OUTER_BOUND('',#301,.T.);
#133=FACE_OUTER_BOUND('',#302,.T.);
#134=FACE_OUTER_BOUND('',#303,.T.);
#135=FACE_OUTER_BOUND('',#304,.T.);
#136=FACE_OUTER_BOUND('',#305,.T.);
#137=FACE_OUTER_BOUND('',#306,.T.);
#138=FACE_OUTER_BOUND('',#307,.T.);
#139=FACE_OUTER_BOUND('',#308,.T.);
#140=FACE_OUTER_BOUND('',#309,.T.);
#141=FACE_OUTER_BOUND('',#310,.T.);
#142=FACE_OUTER_BOUND('',#311,.T.);
#143=FACE_OUTER_BOUND('',#312,.T.);
#144=FACE_OUTER_BOUND('',#313,.T.);
#145=FACE_OUTER_BOUND('',#314,.T.);
#146=FACE_OUTER_BOUND('',#315,.T.);
#147=FACE_OUTER_BOUND('',#316,.T.);
#148=FACE_OUTER_BOUND('',#317,.T.);
#149=FACE_OUTER_BOUND('',#318,.T.);
#150=FACE_OUTER_BOUND('',#319,.T.);
#151=FACE_OUTER_BOUND('',#320,.T.);
#152=FACE_OUTER_BOUND('',#321,.T.);
#153=FACE_OUTER_BOUND('',#322,.T.);
#154=FACE_OUTER_BOUND('',#323,.T.);
#155=FACE_OUTER_BOUND('',#324,.T.);
#156=FACE_OUTER_BOUND('',#325,.T.);
#157=FACE_OUTER_BOUND('',#326,.T.);
#158=FACE_OUTER_BOUND('',#327,.T.);
#159=FACE_OUTER_BOUND('',#328,.T.);
#160=FACE_OUTER_BOUND('',#329,.T.);
#161=FACE_OUTER_BOUND('',#330,.T.);
#162=FACE_OUTER_BOUND('',#331,.T.);
#163=FACE_OUTER_BOUND('',#332,.T.);
#164=FACE_OUTER_BOUND('',#333,.T.);
#165=FACE_OUTER_BOUND('',#334,.T.);
#166=FACE_OUTER_BOUND('',#335,.T.);
#167=FACE_OUTER_BOUND('',#336,.T.);
#168=FACE_OUTER_BOUND('',#337,.T.);
#169=FACE_OUTER_BOUND('',#338,.T.);
#170=FACE_OUTER_BOUND('',#339,.T.);
#171=FACE_OUTER_BOUND('',#340,.T.);
#172=FACE_OUTER_BOUND('',#341,.T.);
#173=FACE_OUTER_BOUND('',#342,.T.);
#174=FACE_OUTER_BOUND('',#343,.T.);
#175=FACE_OUTER_BOUND('',#344,.T.);
#176=FACE_OUTER_BOUND('',#345,.T.);
#177=FACE_OUTER_BOUND('',#346,.T.);
#178=FACE_OUTER_BOUND('',#347,.T.);
#179=FACE_OUTER_BOUND('',#348,.T.);
#180=FACE_OUTER_BOUND('',#349,.T.);
#181=FACE_OUTER_BOUND('',#350,.T.);
#182=FACE_OUTER_BOUND('',#351,.T.);
#183=FACE_OUTER_BOUND('',#352,.T.);
#184=FACE_OUTER_BOUND('',#353,.T.);
#185=FACE_OUTER_BOUND('',#354,.T.);
#186=FACE_OUTER_BOUND('',#355,.T.);
#187=FACE_OUTER_BOUND('',#358,.T.);
#188=FACE_OUTER_BOUND('',#360,.T.);
#189=FACE_OUTER_BOUND('',#361,.T.);
#190=FACE_OUTER_BOUND('',#362,.T.);
#191=FACE_OUTER_BOUND('',#363,.T.);
#192=FACE_OUTER_BOUND('',#364,.T.);
#193=FACE_OUTER_BOUND('',#365,.T.);
#194=FACE_OUTER_BOUND('',#366,.T.);
#195=FACE_OUTER_BOUND('',#367,.T.);
#196=FACE_OUTER_BOUND('',#368,.T.);
#197=FACE_OUTER_BOUND('',#369,.T.);
#198=FACE_OUTER_BOUND('',#370,.T.);
#199=FACE_OUTER_BOUND('',#371,.T.);
#200=FACE_OUTER_BOUND('',#372,.T.);
#201=FACE_OUTER_BOUND('',#373,.T.);
#202=FACE_OUTER_BOUND('',#374,.T.);
#203=FACE_OUTER_BOUND('',#375,.T.);
#204=FACE_OUTER_BOUND('',#376,.T.);
#205=FACE_OUTER_BOUND('',#377,.T.);
#206=FACE_OUTER_BOUND('',#378,.T.);
#207=FACE_OUTER_BOUND('',#379,.T.);
#208=FACE_OUTER_BOUND('',#380,.T.);
#209=FACE_OUTER_BOUND('',#381,.T.);
#210=FACE_OUTER_BOUND('',#382,.T.);
#211=FACE_OUTER_BOUND('',#385,.T.);
#212=FACE_OUTER_BOUND('',#386,.T.);
#213=FACE_OUTER_BOUND('',#387,.T.);
#214=FACE_OUTER_BOUND('',#388,.T.);
#215=FACE_OUTER_BOUND('',#392,.T.);
#216=FACE_OUTER_BOUND('',#393,.T.);
#217=FACE_OUTER_BOUND('',#394,.T.);
#218=FACE_OUTER_BOUND('',#395,.T.);
#219=FACE_OUTER_BOUND('',#396,.T.);
#220=FACE_OUTER_BOUND('',#400,.T.);
#221=FACE_OUTER_BOUND('',#401,.T.);
#222=FACE_OUTER_BOUND('',#402,.T.);
#223=FACE_OUTER_BOUND('',#404,.T.);
#224=FACE_OUTER_BOUND('',#405,.T.);
#225=FACE_OUTER_BOUND('',#406,.T.);
#226=FACE_OUTER_BOUND('',#407,.T.);
#227=FACE_OUTER_BOUND('',#408,.T.);
#228=FACE_OUTER_BOUND('',#409,.T.);
#229=FACE_OUTER_BOUND('',#410,.T.);
#230=FACE_OUTER_BOUND('',#411,.T.);
#231=FACE_OUTER_BOUND('',#412,.T.);
#232=FACE_OUTER_BOUND('',#413,.T.);
#233=FACE_OUTER_BOUND('',#414,.T.);
#234=FACE_OUTER_BOUND('',#415,.T.);
#235=FACE_OUTER_BOUND('',#416,.T.);
#236=FACE_OUTER_BOUND('',#417,.T.);
#237=FACE_OUTER_BOUND('',#418,.T.);
#238=FACE_OUTER_BOUND('',#419,.T.);
#239=FACE_OUTER_BOUND('',#420,.T.);
#240=FACE_OUTER_BOUND('',#421,.T.);
#241=FACE_OUTER_BOUND('',#422,.T.);
#242=FACE_OUTER_BOUND('',#423,.T.);
#243=FACE_OUTER_BOUND('',#424,.T.);
#244=FACE_OUTER_BOUND('',#425,.T.);
#245=FACE_OUTER_BOUND('',#426,.T.);
#246=FACE_OUTER_BOUND('',#427,.T.);
#247=FACE_OUTER_BOUND('',#428,.T.);
#248=FACE_OUTER_BOUND('',#429,.T.);
#249=FACE_OUTER_BOUND('',#430,.T.);
#250=FACE_OUTER_BOUND('',#431,.T.);
#251=FACE_OUTER_BOUND('',#432,.T.);
#252=FACE_OUTER_BOUND('',#433,.T.);
#253=FACE_OUTER_BOUND('',#434,.T.);
#254=FACE_OUTER_BOUND('',#435,.T.);
#255=FACE_OUTER_BOUND('',#436,.T.);
#256=FACE_OUTER_BOUND('',#437,.T.);
#257=FACE_OUTER_BOUND('',#438,.T.);
#258=FACE_OUTER_BOUND('',#439,.T.);
#259=FACE_OUTER_BOUND('',#440,.T.);
#260=FACE_OUTER_BOUND('',#441,.T.);
#261=FACE_OUTER_BOUND('',#442,.T.);
#262=FACE_OUTER_BOUND('',#443,.T.);
#263=FACE_OUTER_BOUND('',#444,.T.);
#264=FACE_OUTER_BOUND('',#445,.T.);
#265=FACE_OUTER_BOUND('',#446,.T.);
#266=FACE_OUTER_BOUND('',#447,.T.);
#267=FACE_OUTER_BOUND('',#448,.T.);
#268=FACE_OUTER_BOUND('',#449,.T.);
#269=FACE_OUTER_BOUND('',#450,.T.);
#270=FACE_OUTER_BOUND('',#451,.T.);
#271=FACE_OUTER_BOUND('',#452,.T.);
#272=FACE_OUTER_BOUND('',#453,.T.);
#273=FACE_OUTER_BOUND('',#454,.T.);
#274=FACE_OUTER_BOUND('',#455,.T.);
#275=FACE_OUTER_BOUND('',#456,.T.);
#276=FACE_OUTER_BOUND('',#457,.T.);
#277=FACE_OUTER_BOUND('',#458,.T.);
#278=FACE_OUTER_BOUND('',#459,.T.);
#279=EDGE_LOOP('',(#1999,#2000,#2001,#2002));
#280=EDGE_LOOP('',(#2003,#2004,#2005,#2006));
#281=EDGE_LOOP('',(#2007,#2008,#2009,#2010));
#282=EDGE_LOOP('',(#2011,#2012,#2013,#2014));
#283=EDGE_LOOP('',(#2015,#2016,#2017,#2018));
#284=EDGE_LOOP('',(#2019,#2020,#2021,#2022,#2023,#2024,#2025,#2026));
#285=EDGE_LOOP('',(#2027,#2028,#2029,#2030));
#286=EDGE_LOOP('',(#2031,#2032,#2033,#2034));
#287=EDGE_LOOP('',(#2035,#2036,#2037,#2038));
#288=EDGE_LOOP('',(#2039,#2040,#2041,#2042));
#289=EDGE_LOOP('',(#2043,#2044,#2045,#2046));
#290=EDGE_LOOP('',(#2047,#2048,#2049,#2050,#2051,#2052,#2053,#2054));
#291=EDGE_LOOP('',(#2055,#2056,#2057,#2058,#2059,#2060,#2061,#2062,#2063,
#2064,#2065,#2066));
#292=EDGE_LOOP('',(#2067,#2068,#2069,#2070));
#293=EDGE_LOOP('',(#2071,#2072,#2073,#2074));
#294=EDGE_LOOP('',(#2075,#2076,#2077,#2078));
#295=EDGE_LOOP('',(#2079,#2080,#2081,#2082));
#296=EDGE_LOOP('',(#2083,#2084,#2085,#2086));
#297=EDGE_LOOP('',(#2087,#2088,#2089,#2090));
#298=EDGE_LOOP('',(#2091,#2092,#2093,#2094));
#299=EDGE_LOOP('',(#2095,#2096,#2097,#2098));
#300=EDGE_LOOP('',(#2099,#2100,#2101,#2102));
#301=EDGE_LOOP('',(#2103,#2104,#2105,#2106));
#302=EDGE_LOOP('',(#2107,#2108,#2109,#2110));
#303=EDGE_LOOP('',(#2111,#2112,#2113,#2114));
#304=EDGE_LOOP('',(#2115,#2116,#2117,#2118));
#305=EDGE_LOOP('',(#2119,#2120,#2121,#2122));
#306=EDGE_LOOP('',(#2123,#2124,#2125,#2126));
#307=EDGE_LOOP('',(#2127,#2128,#2129,#2130));
#308=EDGE_LOOP('',(#2131,#2132,#2133,#2134));
#309=EDGE_LOOP('',(#2135,#2136,#2137,#2138));
#310=EDGE_LOOP('',(#2139,#2140,#2141,#2142));
#311=EDGE_LOOP('',(#2143,#2144,#2145,#2146));
#312=EDGE_LOOP('',(#2147,#2148,#2149,#2150));
#313=EDGE_LOOP('',(#2151,#2152,#2153,#2154));
#314=EDGE_LOOP('',(#2155,#2156,#2157,#2158));
#315=EDGE_LOOP('',(#2159,#2160,#2161,#2162));
#316=EDGE_LOOP('',(#2163,#2164,#2165,#2166));
#317=EDGE_LOOP('',(#2167,#2168,#2169,#2170));
#318=EDGE_LOOP('',(#2171,#2172,#2173,#2174));
#319=EDGE_LOOP('',(#2175,#2176,#2177,#2178));
#320=EDGE_LOOP('',(#2179,#2180,#2181,#2182));
#321=EDGE_LOOP('',(#2183,#2184,#2185,#2186));
#322=EDGE_LOOP('',(#2187,#2188,#2189,#2190));
#323=EDGE_LOOP('',(#2191,#2192,#2193,#2194));
#324=EDGE_LOOP('',(#2195,#2196,#2197,#2198));
#325=EDGE_LOOP('',(#2199,#2200,#2201,#2202));
#326=EDGE_LOOP('',(#2203,#2204,#2205,#2206));
#327=EDGE_LOOP('',(#2207,#2208,#2209,#2210));
#328=EDGE_LOOP('',(#2211,#2212,#2213,#2214));
#329=EDGE_LOOP('',(#2215,#2216,#2217,#2218));
#330=EDGE_LOOP('',(#2219,#2220,#2221,#2222));
#331=EDGE_LOOP('',(#2223,#2224,#2225,#2226));
#332=EDGE_LOOP('',(#2227,#2228,#2229,#2230));
#333=EDGE_LOOP('',(#2231,#2232,#2233,#2234));
#334=EDGE_LOOP('',(#2235,#2236,#2237,#2238));
#335=EDGE_LOOP('',(#2239,#2240,#2241,#2242));
#336=EDGE_LOOP('',(#2243,#2244,#2245,#2246));
#337=EDGE_LOOP('',(#2247,#2248,#2249,#2250,#2251,#2252));
#338=EDGE_LOOP('',(#2253,#2254,#2255,#2256));
#339=EDGE_LOOP('',(#2257,#2258,#2259,#2260));
#340=EDGE_LOOP('',(#2261,#2262,#2263,#2264));
#341=EDGE_LOOP('',(#2265,#2266,#2267,#2268,#2269,#2270));
#342=EDGE_LOOP('',(#2271,#2272,#2273,#2274));
#343=EDGE_LOOP('',(#2275,#2276,#2277,#2278));
#344=EDGE_LOOP('',(#2279,#2280,#2281,#2282,#2283,#2284,#2285,#2286,#2287,
#2288,#2289,#2290,#2291,#2292,#2293,#2294,#2295,#2296,#2297,#2298,#2299,
#2300,#2301,#2302));
#345=EDGE_LOOP('',(#2303,#2304,#2305,#2306));
#346=EDGE_LOOP('',(#2307,#2308,#2309,#2310));
#347=EDGE_LOOP('',(#2311,#2312,#2313,#2314));
#348=EDGE_LOOP('',(#2315,#2316,#2317,#2318));
#349=EDGE_LOOP('',(#2319,#2320,#2321,#2322));
#350=EDGE_LOOP('',(#2323,#2324,#2325,#2326));
#351=EDGE_LOOP('',(#2327,#2328,#2329,#2330));
#352=EDGE_LOOP('',(#2331,#2332,#2333,#2334));
#353=EDGE_LOOP('',(#2335,#2336,#2337,#2338));
#354=EDGE_LOOP('',(#2339,#2340,#2341,#2342));
#355=EDGE_LOOP('',(#2343,#2344,#2345,#2346));
#356=EDGE_LOOP('',(#2347,#2348,#2349,#2350,#2351,#2352,#2353,#2354,#2355,
#2356));
#357=EDGE_LOOP('',(#2357,#2358,#2359,#2360,#2361,#2362,#2363,#2364,#2365,
#2366));
#358=EDGE_LOOP('',(#2367,#2368,#2369,#2370,#2371,#2372,#2373,#2374,#2375,
#2376,#2377,#2378,#2379,#2380));
#359=EDGE_LOOP('',(#2381,#2382,#2383,#2384,#2385,#2386,#2387,#2388,#2389,
#2390));
#360=EDGE_LOOP('',(#2391,#2392,#2393,#2394));
#361=EDGE_LOOP('',(#2395,#2396,#2397,#2398));
#362=EDGE_LOOP('',(#2399,#2400,#2401,#2402));
#363=EDGE_LOOP('',(#2403,#2404,#2405,#2406));
#364=EDGE_LOOP('',(#2407,#2408,#2409,#2410,#2411,#2412));
#365=EDGE_LOOP('',(#2413,#2414,#2415,#2416));
#366=EDGE_LOOP('',(#2417,#2418,#2419,#2420));
#367=EDGE_LOOP('',(#2421,#2422,#2423,#2424,#2425,#2426));
#368=EDGE_LOOP('',(#2427,#2428,#2429,#2430));
#369=EDGE_LOOP('',(#2431,#2432,#2433,#2434));
#370=EDGE_LOOP('',(#2435,#2436,#2437,#2438));
#371=EDGE_LOOP('',(#2439,#2440,#2441,#2442));
#372=EDGE_LOOP('',(#2443,#2444,#2445,#2446));
#373=EDGE_LOOP('',(#2447,#2448,#2449,#2450));
#374=EDGE_LOOP('',(#2451,#2452,#2453,#2454));
#375=EDGE_LOOP('',(#2455,#2456,#2457,#2458,#2459,#2460));
#376=EDGE_LOOP('',(#2461,#2462,#2463,#2464));
#377=EDGE_LOOP('',(#2465,#2466,#2467,#2468));
#378=EDGE_LOOP('',(#2469,#2470,#2471,#2472));
#379=EDGE_LOOP('',(#2473,#2474,#2475,#2476,#2477,#2478));
#380=EDGE_LOOP('',(#2479,#2480,#2481,#2482));
#381=EDGE_LOOP('',(#2483,#2484,#2485,#2486));
#382=EDGE_LOOP('',(#2487,#2488,#2489,#2490));
#383=EDGE_LOOP('',(#2491,#2492,#2493,#2494,#2495,#2496,#2497,#2498,#2499,
#2500));
#384=EDGE_LOOP('',(#2501,#2502,#2503,#2504,#2505,#2506,#2507,#2508,#2509,
#2510));
#385=EDGE_LOOP('',(#2511,#2512,#2513,#2514));
#386=EDGE_LOOP('',(#2515,#2516,#2517,#2518));
#387=EDGE_LOOP('',(#2519,#2520,#2521,#2522,#2523,#2524,#2525,#2526,#2527,
#2528,#2529,#2530,#2531,#2532,#2533,#2534,#2535,#2536,#2537,#2538,#2539,
#2540,#2541,#2542));
#388=EDGE_LOOP('',(#2543,#2544,#2545,#2546));
#389=EDGE_LOOP('',(#2547,#2548,#2549,#2550,#2551,#2552,#2553,#2554,#2555,
#2556,#2557,#2558,#2559,#2560,#2561,#2562,#2563,#2564,#2565,#2566,#2567,
#2568,#2569,#2570,#2571,#2572,#2573,#2574,#2575,#2576,#2577,#2578,#2579));
#390=EDGE_LOOP('',(#2580));
#391=EDGE_LOOP('',(#2581,#2582,#2583,#2584,#2585,#2586));
#392=EDGE_LOOP('',(#2587,#2588,#2589,#2590));
#393=EDGE_LOOP('',(#2591,#2592,#2593,#2594));
#394=EDGE_LOOP('',(#2595,#2596,#2597,#2598));
#395=EDGE_LOOP('',(#2599,#2600,#2601,#2602));
#396=EDGE_LOOP('',(#2603,#2604,#2605,#2606));
#397=EDGE_LOOP('',(#2607,#2608,#2609,#2610,#2611,#2612,#2613,#2614,#2615,
#2616,#2617,#2618,#2619,#2620,#2621,#2622,#2623,#2624,#2625,#2626,#2627,
#2628,#2629,#2630,#2631,#2632,#2633,#2634,#2635,#2636,#2637,#2638,#2639));
#398=EDGE_LOOP('',(#2640));
#399=EDGE_LOOP('',(#2641,#2642,#2643,#2644,#2645,#2646));
#400=EDGE_LOOP('',(#2647,#2648,#2649,#2650));
#401=EDGE_LOOP('',(#2651,#2652,#2653,#2654));
#402=EDGE_LOOP('',(#2655,#2656,#2657,#2658,#2659,#2660,#2661,#2662));
#403=EDGE_LOOP('',(#2663,#2664,#2665,#2666,#2667,#2668,#2669,#2670));
#404=EDGE_LOOP('',(#2671,#2672,#2673,#2674,#2675,#2676,#2677,#2678,#2679,
#2680,#2681,#2682));
#405=EDGE_LOOP('',(#2683));
#406=EDGE_LOOP('',(#2684));
#407=EDGE_LOOP('',(#2685,#2686,#2687,#2688));
#408=EDGE_LOOP('',(#2689,#2690,#2691,#2692));
#409=EDGE_LOOP('',(#2693));
#410=EDGE_LOOP('',(#2694));
#411=EDGE_LOOP('',(#2695));
#412=EDGE_LOOP('',(#2696));
#413=EDGE_LOOP('',(#2697,#2698,#2699,#2700));
#414=EDGE_LOOP('',(#2701));
#415=EDGE_LOOP('',(#2702));
#416=EDGE_LOOP('',(#2703,#2704,#2705,#2706));
#417=EDGE_LOOP('',(#2707,#2708,#2709,#2710));
#418=EDGE_LOOP('',(#2711));
#419=EDGE_LOOP('',(#2712));
#420=EDGE_LOOP('',(#2713));
#421=EDGE_LOOP('',(#2714));
#422=EDGE_LOOP('',(#2715,#2716,#2717,#2718));
#423=EDGE_LOOP('',(#2719));
#424=EDGE_LOOP('',(#2720));
#425=EDGE_LOOP('',(#2721,#2722,#2723,#2724));
#426=EDGE_LOOP('',(#2725,#2726,#2727,#2728));
#427=EDGE_LOOP('',(#2729));
#428=EDGE_LOOP('',(#2730));
#429=EDGE_LOOP('',(#2731));
#430=EDGE_LOOP('',(#2732));
#431=EDGE_LOOP('',(#2733,#2734,#2735,#2736));
#432=EDGE_LOOP('',(#2737,#2738,#2739,#2740));
#433=EDGE_LOOP('',(#2741,#2742,#2743,#2744));
#434=EDGE_LOOP('',(#2745,#2746,#2747,#2748));
#435=EDGE_LOOP('',(#2749,#2750,#2751,#2752));
#436=EDGE_LOOP('',(#2753,#2754,#2755,#2756));
#437=EDGE_LOOP('',(#2757,#2758,#2759,#2760));
#438=EDGE_LOOP('',(#2761,#2762,#2763,#2764));
#439=EDGE_LOOP('',(#2765,#2766,#2767,#2768));
#440=EDGE_LOOP('',(#2769,#2770,#2771,#2772));
#441=EDGE_LOOP('',(#2773,#2774,#2775,#2776));
#442=EDGE_LOOP('',(#2777,#2778,#2779,#2780,#2781,#2782,#2783,#2784,#2785,
#2786,#2787,#2788));
#443=EDGE_LOOP('',(#2789,#2790,#2791,#2792));
#444=EDGE_LOOP('',(#2793,#2794,#2795,#2796,#2797,#2798,#2799,#2800,#2801,
#2802,#2803,#2804));
#445=EDGE_LOOP('',(#2805,#2806,#2807,#2808));
#446=EDGE_LOOP('',(#2809,#2810,#2811,#2812));
#447=EDGE_LOOP('',(#2813,#2814,#2815,#2816));
#448=EDGE_LOOP('',(#2817,#2818,#2819,#2820));
#449=EDGE_LOOP('',(#2821,#2822,#2823,#2824));
#450=EDGE_LOOP('',(#2825,#2826,#2827,#2828));
#451=EDGE_LOOP('',(#2829,#2830,#2831,#2832));
#452=EDGE_LOOP('',(#2833,#2834,#2835,#2836));
#453=EDGE_LOOP('',(#2837,#2838,#2839,#2840));
#454=EDGE_LOOP('',(#2841,#2842,#2843,#2844));
#455=EDGE_LOOP('',(#2845,#2846,#2847,#2848));
#456=EDGE_LOOP('',(#2849,#2850,#2851,#2852,#2853,#2854,#2855,#2856,#2857,
#2858,#2859,#2860));
#457=EDGE_LOOP('',(#2861,#2862,#2863,#2864,#2865,#2866,#2867,#2868,#2869,
#2870,#2871,#2872));
#458=EDGE_LOOP('',(#2873,#2874,#2875,#2876));
#459=EDGE_LOOP('',(#2877,#2878,#2879,#2880));
#460=LINE('',#4265,#862);
#461=LINE('',#4267,#863);
#462=LINE('',#4269,#864);
#463=LINE('',#4270,#865);
#464=LINE('',#4273,#866);
#465=LINE('',#4275,#867);
#466=LINE('',#4276,#868);
#467=LINE('',#4280,#869);
#468=LINE('',#4282,#870);
#469=LINE('',#4284,#871);
#470=LINE('',#4285,#872);
#471=LINE('',#4289,#873);
#472=LINE('',#4291,#874);
#473=LINE('',#4293,#875);
#474=LINE('',#4294,#876);
#475=LINE('',#4298,#877);
#476=LINE('',#4299,#878);
#477=LINE('',#4300,#879);
#478=LINE('',#4302,#880);
#479=LINE('',#4304,#881);
#480=LINE('',#4306,#882);
#481=LINE('',#4308,#883);
#482=LINE('',#4310,#884);
#483=LINE('',#4311,#885);
#484=LINE('',#4314,#886);
#485=LINE('',#4316,#887);
#486=LINE('',#4317,#888);
#487=LINE('',#4319,#889);
#488=LINE('',#4323,#890);
#489=LINE('',#4324,#891);
#490=LINE('',#4325,#892);
#491=LINE('',#4327,#893);
#492=LINE('',#4329,#894);
#493=LINE('',#4332,#895);
#494=LINE('',#4334,#896);
#495=LINE('',#4336,#897);
#496=LINE('',#4338,#898);
#497=LINE('',#4339,#899);
#498=LINE('',#4342,#900);
#499=LINE('',#4344,#901);
#500=LINE('',#4346,#902);
#501=LINE('',#4348,#903);
#502=LINE('',#4349,#904);
#503=LINE('',#4350,#905);
#504=LINE('',#4355,#906);
#505=LINE('',#4357,#907);
#506=LINE('',#4359,#908);
#507=LINE('',#4360,#909);
#508=LINE('',#4363,#910);
#509=LINE('',#4365,#911);
#510=LINE('',#4366,#912);
#511=LINE('',#4369,#913);
#512=LINE('',#4371,#914);
#513=LINE('',#4372,#915);
#514=LINE('',#4375,#916);
#515=LINE('',#4377,#917);
#516=LINE('',#4378,#918);
#517=LINE('',#4381,#919);
#518=LINE('',#4383,#920);
#519=LINE('',#4384,#921);
#520=LINE('',#4387,#922);
#521=LINE('',#4389,#923);
#522=LINE('',#4390,#924);
#523=LINE('',#4393,#925);
#524=LINE('',#4395,#926);
#525=LINE('',#4396,#927);
#526=LINE('',#4399,#928);
#527=LINE('',#4401,#929);
#528=LINE('',#4402,#930);
#529=LINE('',#4405,#931);
#530=LINE('',#4407,#932);
#531=LINE('',#4408,#933);
#532=LINE('',#4411,#934);
#533=LINE('',#4413,#935);
#534=LINE('',#4414,#936);
#535=LINE('',#4417,#937);
#536=LINE('',#4419,#938);
#537=LINE('',#4420,#939);
#538=LINE('',#4423,#940);
#539=LINE('',#4425,#941);
#540=LINE('',#4426,#942);
#541=LINE('',#4429,#943);
#542=LINE('',#4431,#944);
#543=LINE('',#4432,#945);
#544=LINE('',#4435,#946);
#545=LINE('',#4437,#947);
#546=LINE('',#4438,#948);
#547=LINE('',#4441,#949);
#548=LINE('',#4443,#950);
#549=LINE('',#4444,#951);
#550=LINE('',#4447,#952);
#551=LINE('',#4449,#953);
#552=LINE('',#4450,#954);
#553=LINE('',#4453,#955);
#554=LINE('',#4455,#956);
#555=LINE('',#4456,#957);
#556=LINE('',#4459,#958);
#557=LINE('',#4461,#959);
#558=LINE('',#4462,#960);
#559=LINE('',#4465,#961);
#560=LINE('',#4467,#962);
#561=LINE('',#4468,#963);
#562=LINE('',#4471,#964);
#563=LINE('',#4473,#965);
#564=LINE('',#4474,#966);
#565=LINE('',#4477,#967);
#566=LINE('',#4479,#968);
#567=LINE('',#4480,#969);
#568=LINE('',#4483,#970);
#569=LINE('',#4485,#971);
#570=LINE('',#4486,#972);
#571=LINE('',#4489,#973);
#572=LINE('',#4491,#974);
#573=LINE('',#4492,#975);
#574=LINE('',#4495,#976);
#575=LINE('',#4497,#977);
#576=LINE('',#4498,#978);
#577=LINE('',#4501,#979);
#578=LINE('',#4503,#980);
#579=LINE('',#4504,#981);
#580=LINE('',#4507,#982);
#581=LINE('',#4509,#983);
#582=LINE('',#4510,#984);
#583=LINE('',#4513,#985);
#584=LINE('',#4515,#986);
#585=LINE('',#4516,#987);
#586=LINE('',#4519,#988);
#587=LINE('',#4521,#989);
#588=LINE('',#4522,#990);
#589=LINE('',#4525,#991);
#590=LINE('',#4527,#992);
#591=LINE('',#4528,#993);
#592=LINE('',#4531,#994);
#593=LINE('',#4533,#995);
#594=LINE('',#4534,#996);
#595=LINE('',#4537,#997);
#596=LINE('',#4539,#998);
#597=LINE('',#4540,#999);
#598=LINE('',#4543,#1000);
#599=LINE('',#4545,#1001);
#600=LINE('',#4546,#1002);
#601=LINE('',#4548,#1003);
#602=LINE('',#4549,#1004);
#603=LINE('',#4554,#1005);
#604=LINE('',#4559,#1006);
#605=LINE('',#4561,#1007);
#606=LINE('',#4563,#1008);
#607=LINE('',#4564,#1009);
#608=LINE('',#4567,#1010);
#609=LINE('',#4569,#1011);
#610=LINE('',#4570,#1012);
#611=LINE('',#4573,#1013);
#612=LINE('',#4575,#1014);
#613=LINE('',#4576,#1015);
#614=LINE('',#4579,#1016);
#615=LINE('',#4581,#1017);
#616=LINE('',#4582,#1018);
#617=LINE('',#4585,#1019);
#618=LINE('',#4587,#1020);
#619=LINE('',#4588,#1021);
#620=LINE('',#4590,#1022);
#621=LINE('',#4591,#1023);
#622=LINE('',#4595,#1024);
#623=LINE('',#4597,#1025);
#624=LINE('',#4599,#1026);
#625=LINE('',#4600,#1027);
#626=LINE('',#4603,#1028);
#627=LINE('',#4605,#1029);
#628=LINE('',#4606,#1030);
#629=LINE('',#4611,#1031);
#630=LINE('',#4615,#1032);
#631=LINE('',#4617,#1033);
#632=LINE('',#4618,#1034);
#633=LINE('',#4623,#1035);
#634=LINE('',#4627,#1036);
#635=LINE('',#4631,#1037);
#636=LINE('',#4633,#1038);
#637=LINE('',#4634,#1039);
#638=LINE('',#4637,#1040);
#639=LINE('',#4639,#1041);
#640=LINE('',#4640,#1042);
#641=LINE('',#4643,#1043);
#642=LINE('',#4644,#1044);
#643=LINE('',#4647,#1045);
#644=LINE('',#4649,#1046);
#645=LINE('',#4651,#1047);
#646=LINE('',#4652,#1048);
#647=LINE('',#4655,#1049);
#648=LINE('',#4657,#1050);
#649=LINE('',#4658,#1051);
#650=LINE('',#4660,#1052);
#651=LINE('',#4661,#1053);
#652=LINE('',#4663,#1054);
#653=LINE('',#4665,#1055);
#654=LINE('',#4667,#1056);
#655=LINE('',#4669,#1057);
#656=LINE('',#4671,#1058);
#657=LINE('',#4673,#1059);
#658=LINE('',#4675,#1060);
#659=LINE('',#4677,#1061);
#660=LINE('',#4679,#1062);
#661=LINE('',#4681,#1063);
#662=LINE('',#4683,#1064);
#663=LINE('',#4685,#1065);
#664=LINE('',#4687,#1066);
#665=LINE('',#4689,#1067);
#666=LINE('',#4691,#1068);
#667=LINE('',#4692,#1069);
#668=LINE('',#4696,#1070);
#669=LINE('',#4698,#1071);
#670=LINE('',#4700,#1072);
#671=LINE('',#4701,#1073);
#672=LINE('',#4704,#1074);
#673=LINE('',#4706,#1075);
#674=LINE('',#4707,#1076);
#675=LINE('',#4713,#1077);
#676=LINE('',#4716,#1078);
#677=LINE('',#4718,#1079);
#678=LINE('',#4719,#1080);
#679=LINE('',#4725,#1081);
#680=LINE('',#4728,#1082);
#681=LINE('',#4730,#1083);
#682=LINE('',#4731,#1084);
#683=LINE('',#4734,#1085);
#684=LINE('',#4736,#1086);
#685=LINE('',#4737,#1087);
#686=LINE('',#4740,#1088);
#687=LINE('',#4742,#1089);
#688=LINE('',#4743,#1090);
#689=LINE('',#4746,#1091);
#690=LINE('',#4748,#1092);
#691=LINE('',#4749,#1093);
#692=LINE('',#4751,#1094);
#693=LINE('',#4752,#1095);
#694=LINE('',#4755,#1096);
#695=LINE('',#4757,#1097);
#696=LINE('',#4758,#1098);
#697=LINE('',#4761,#1099);
#698=LINE('',#4763,#1100);
#699=LINE('',#4765,#1101);
#700=LINE('',#4767,#1102);
#701=LINE('',#4769,#1103);
#702=LINE('',#4771,#1104);
#703=LINE('',#4775,#1105);
#704=LINE('',#4778,#1106);
#705=LINE('',#4783,#1107);
#706=LINE('',#4784,#1108);
#707=LINE('',#4786,#1109);
#708=LINE('',#4788,#1110);
#709=LINE('',#4790,#1111);
#710=LINE('',#4792,#1112);
#711=LINE('',#4794,#1113);
#712=LINE('',#4796,#1114);
#713=LINE('',#4799,#1115);
#714=LINE('',#4802,#1116);
#715=LINE('',#4804,#1117);
#716=LINE('',#4805,#1118);
#717=LINE('',#4807,#1119);
#718=LINE('',#4808,#1120);
#719=LINE('',#4810,#1121);
#720=LINE('',#4812,#1122);
#721=LINE('',#4816,#1123);
#722=LINE('',#4818,#1124);
#723=LINE('',#4820,#1125);
#724=LINE('',#4822,#1126);
#725=LINE('',#4824,#1127);
#726=LINE('',#4829,#1128);
#727=LINE('',#4831,#1129);
#728=LINE('',#4833,#1130);
#729=LINE('',#4834,#1131);
#730=LINE('',#4837,#1132);
#731=LINE('',#4839,#1133);
#732=LINE('',#4840,#1134);
#733=LINE('',#4843,#1135);
#734=LINE('',#4845,#1136);
#735=LINE('',#4846,#1137);
#736=LINE('',#4849,#1138);
#737=LINE('',#4851,#1139);
#738=LINE('',#4852,#1140);
#739=LINE('',#4855,#1141);
#740=LINE('',#4857,#1142);
#741=LINE('',#4858,#1143);
#742=LINE('',#4859,#1144);
#743=LINE('',#4862,#1145);
#744=LINE('',#4866,#1146);
#745=LINE('',#4868,#1147);
#746=LINE('',#4869,#1148);
#747=LINE('',#4872,#1149);
#748=LINE('',#4873,#1150);
#749=LINE('',#4878,#1151);
#750=LINE('',#4882,#1152);
#751=LINE('',#4884,#1153);
#752=LINE('',#4885,#1154);
#753=LINE('',#4891,#1155);
#754=LINE('',#4893,#1156);
#755=LINE('',#4894,#1157);
#756=LINE('',#4897,#1158);
#757=LINE('',#4899,#1159);
#758=LINE('',#4900,#1160);
#759=LINE('',#4903,#1161);
#760=LINE('',#4904,#1162);
#761=LINE('',#4906,#1163);
#762=LINE('',#4909,#1164);
#763=LINE('',#4910,#1165);
#764=LINE('',#4913,#1166);
#765=LINE('',#4914,#1167);
#766=LINE('',#4916,#1168);
#767=LINE('',#4919,#1169);
#768=LINE('',#4921,#1170);
#769=LINE('',#4922,#1171);
#770=LINE('',#4925,#1172);
#771=LINE('',#4927,#1173);
#772=LINE('',#4928,#1174);
#773=LINE('',#4931,#1175);
#774=LINE('',#4933,#1176);
#775=LINE('',#4934,#1177);
#776=LINE('',#4937,#1178);
#777=LINE('',#4939,#1179);
#778=LINE('',#4940,#1180);
#779=LINE('',#4942,#1181);
#780=LINE('',#4943,#1182);
#781=LINE('',#4953,#1183);
#782=LINE('',#4958,#1184);
#783=LINE('',#4969,#1185);
#784=LINE('',#4977,#1186);
#785=LINE('',#4982,#1187);
#786=LINE('',#4993,#1188);
#787=LINE('',#5001,#1189);
#788=LINE('',#5006,#1190);
#789=LINE('',#5017,#1191);
#790=LINE('',#5021,#1192);
#791=LINE('',#5023,#1193);
#792=LINE('',#5025,#1194);
#793=LINE('',#5026,#1195);
#794=LINE('',#5029,#1196);
#795=LINE('',#5031,#1197);
#796=LINE('',#5032,#1198);
#797=LINE('',#5035,#1199);
#798=LINE('',#5037,#1200);
#799=LINE('',#5038,#1201);
#800=LINE('',#5041,#1202);
#801=LINE('',#5043,#1203);
#802=LINE('',#5044,#1204);
#803=LINE('',#5047,#1205);
#804=LINE('',#5049,#1206);
#805=LINE('',#5050,#1207);
#806=LINE('',#5054,#1208);
#807=LINE('',#5056,#1209);
#808=LINE('',#5058,#1210);
#809=LINE('',#5059,#1211);
#810=LINE('',#5062,#1212);
#811=LINE('',#5064,#1213);
#812=LINE('',#5065,#1214);
#813=LINE('',#5068,#1215);
#814=LINE('',#5070,#1216);
#815=LINE('',#5071,#1217);
#816=LINE('',#5074,#1218);
#817=LINE('',#5076,#1219);
#818=LINE('',#5077,#1220);
#819=LINE('',#5080,#1221);
#820=LINE('',#5082,#1222);
#821=LINE('',#5083,#1223);
#822=LINE('',#5085,#1224);
#823=LINE('',#5086,#1225);
#824=LINE('',#5088,#1226);
#825=LINE('',#5090,#1227);
#826=LINE('',#5095,#1228);
#827=LINE('',#5097,#1229);
#828=LINE('',#5099,#1230);
#829=LINE('',#5100,#1231);
#830=LINE('',#5103,#1232);
#831=LINE('',#5105,#1233);
#832=LINE('',#5106,#1234);
#833=LINE('',#5109,#1235);
#834=LINE('',#5111,#1236);
#835=LINE('',#5112,#1237);
#836=LINE('',#5115,#1238);
#837=LINE('',#5117,#1239);
#838=LINE('',#5118,#1240);
#839=LINE('',#5121,#1241);
#840=LINE('',#5123,#1242);
#841=LINE('',#5124,#1243);
#842=LINE('',#5128,#1244);
#843=LINE('',#5130,#1245);
#844=LINE('',#5132,#1246);
#845=LINE('',#5133,#1247);
#846=LINE('',#5136,#1248);
#847=LINE('',#5138,#1249);
#848=LINE('',#5139,#1250);
#849=LINE('',#5142,#1251);
#850=LINE('',#5144,#1252);
#851=LINE('',#5145,#1253);
#852=LINE('',#5148,#1254);
#853=LINE('',#5150,#1255);
#854=LINE('',#5151,#1256);
#855=LINE('',#5154,#1257);
#856=LINE('',#5156,#1258);
#857=LINE('',#5157,#1259);
#858=LINE('',#5159,#1260);
#859=LINE('',#5160,#1261);
#860=LINE('',#5162,#1262);
#861=LINE('',#5163,#1263);
#862=VECTOR('',#3442,0.393700787401575);
#863=VECTOR('',#3443,0.393700787401575);
#864=VECTOR('',#3444,0.393700787401575);
#865=VECTOR('',#3445,0.393700787401575);
#866=VECTOR('',#3448,0.393700787401575);
#867=VECTOR('',#3449,0.393700787401575);
#868=VECTOR('',#3450,0.393700787401575);
#869=VECTOR('',#3453,0.393700787401575);
#870=VECTOR('',#3454,0.393700787401575);
#871=VECTOR('',#3455,0.393700787401575);
#872=VECTOR('',#3456,0.393700787401575);
#873=VECTOR('',#3459,0.393700787401575);
#874=VECTOR('',#3460,0.393700787401575);
#875=VECTOR('',#3461,0.393700787401575);
#876=VECTOR('',#3462,0.393700787401575);
#877=VECTOR('',#3465,0.393700787401575);
#878=VECTOR('',#3466,0.393700787401575);
#879=VECTOR('',#3467,0.393700787401575);
#880=VECTOR('',#3470,0.393700787401575);
#881=VECTOR('',#3471,0.393700787401575);
#882=VECTOR('',#3472,0.393700787401575);
#883=VECTOR('',#3473,0.393700787401575);
#884=VECTOR('',#3474,0.393700787401575);
#885=VECTOR('',#3475,0.393700787401575);
#886=VECTOR('',#3478,0.393700787401575);
#887=VECTOR('',#3479,0.393700787401575);
#888=VECTOR('',#3480,0.393700787401575);
#889=VECTOR('',#3483,0.393700787401575);
#890=VECTOR('',#3486,0.393700787401575);
#891=VECTOR('',#3487,0.393700787401575);
#892=VECTOR('',#3488,0.393700787401575);
#893=VECTOR('',#3491,0.393700787401575);
#894=VECTOR('',#3494,0.393700787401575);
#895=VECTOR('',#3497,0.393700787401575);
#896=VECTOR('',#3498,0.393700787401575);
#897=VECTOR('',#3499,0.393700787401575);
#898=VECTOR('',#3500,0.393700787401575);
#899=VECTOR('',#3501,0.393700787401575);
#900=VECTOR('',#3504,0.393700787401575);
#901=VECTOR('',#3505,0.393700787401575);
#902=VECTOR('',#3506,0.393700787401575);
#903=VECTOR('',#3507,0.393700787401575);
#904=VECTOR('',#3508,0.393700787401575);
#905=VECTOR('',#3509,0.393700787401575);
#906=VECTOR('',#3514,0.393700787401575);
#907=VECTOR('',#3515,0.393700787401575);
#908=VECTOR('',#3516,0.393700787401575);
#909=VECTOR('',#3517,0.393700787401575);
#910=VECTOR('',#3520,0.393700787401575);
#911=VECTOR('',#3521,0.393700787401575);
#912=VECTOR('',#3522,0.393700787401575);
#913=VECTOR('',#3525,0.393700787401575);
#914=VECTOR('',#3526,0.393700787401575);
#915=VECTOR('',#3527,0.393700787401575);
#916=VECTOR('',#3530,0.393700787401575);
#917=VECTOR('',#3531,0.393700787401575);
#918=VECTOR('',#3532,0.393700787401575);
#919=VECTOR('',#3535,0.393700787401575);
#920=VECTOR('',#3536,0.393700787401575);
#921=VECTOR('',#3537,0.393700787401575);
#922=VECTOR('',#3540,0.393700787401575);
#923=VECTOR('',#3541,0.393700787401575);
#924=VECTOR('',#3542,0.393700787401575);
#925=VECTOR('',#3545,0.393700787401575);
#926=VECTOR('',#3546,0.393700787401575);
#927=VECTOR('',#3547,0.393700787401575);
#928=VECTOR('',#3550,0.393700787401575);
#929=VECTOR('',#3551,0.393700787401575);
#930=VECTOR('',#3552,0.393700787401575);
#931=VECTOR('',#3555,0.393700787401575);
#932=VECTOR('',#3556,0.393700787401575);
#933=VECTOR('',#3557,0.393700787401575);
#934=VECTOR('',#3560,0.393700787401575);
#935=VECTOR('',#3561,0.393700787401575);
#936=VECTOR('',#3562,0.393700787401575);
#937=VECTOR('',#3565,0.393700787401575);
#938=VECTOR('',#3566,0.393700787401575);
#939=VECTOR('',#3567,0.393700787401575);
#940=VECTOR('',#3570,0.393700787401575);
#941=VECTOR('',#3571,0.393700787401575);
#942=VECTOR('',#3572,0.393700787401575);
#943=VECTOR('',#3575,0.393700787401575);
#944=VECTOR('',#3576,0.393700787401575);
#945=VECTOR('',#3577,0.393700787401575);
#946=VECTOR('',#3580,0.393700787401575);
#947=VECTOR('',#3581,0.393700787401575);
#948=VECTOR('',#3582,0.393700787401575);
#949=VECTOR('',#3585,0.393700787401575);
#950=VECTOR('',#3586,0.393700787401575);
#951=VECTOR('',#3587,0.393700787401575);
#952=VECTOR('',#3590,0.393700787401575);
#953=VECTOR('',#3591,0.393700787401575);
#954=VECTOR('',#3592,0.393700787401575);
#955=VECTOR('',#3595,0.393700787401575);
#956=VECTOR('',#3596,0.393700787401575);
#957=VECTOR('',#3597,0.393700787401575);
#958=VECTOR('',#3600,0.393700787401575);
#959=VECTOR('',#3601,0.393700787401575);
#960=VECTOR('',#3602,0.393700787401575);
#961=VECTOR('',#3605,0.393700787401575);
#962=VECTOR('',#3606,0.393700787401575);
#963=VECTOR('',#3607,0.393700787401575);
#964=VECTOR('',#3610,0.393700787401575);
#965=VECTOR('',#3611,0.393700787401575);
#966=VECTOR('',#3612,0.393700787401575);
#967=VECTOR('',#3615,0.393700787401575);
#968=VECTOR('',#3616,0.393700787401575);
#969=VECTOR('',#3617,0.393700787401575);
#970=VECTOR('',#3620,0.393700787401575);
#971=VECTOR('',#3621,0.393700787401575);
#972=VECTOR('',#3622,0.393700787401575);
#973=VECTOR('',#3625,0.393700787401575);
#974=VECTOR('',#3626,0.393700787401575);
#975=VECTOR('',#3627,0.393700787401575);
#976=VECTOR('',#3630,0.393700787401575);
#977=VECTOR('',#3631,0.393700787401575);
#978=VECTOR('',#3632,0.393700787401575);
#979=VECTOR('',#3635,0.393700787401575);
#980=VECTOR('',#3636,0.393700787401575);
#981=VECTOR('',#3637,0.393700787401575);
#982=VECTOR('',#3640,0.393700787401575);
#983=VECTOR('',#3641,0.393700787401575);
#984=VECTOR('',#3642,0.393700787401575);
#985=VECTOR('',#3645,0.393700787401575);
#986=VECTOR('',#3646,0.393700787401575);
#987=VECTOR('',#3647,0.393700787401575);
#988=VECTOR('',#3650,0.393700787401575);
#989=VECTOR('',#3651,0.393700787401575);
#990=VECTOR('',#3652,0.393700787401575);
#991=VECTOR('',#3655,0.393700787401575);
#992=VECTOR('',#3656,0.393700787401575);
#993=VECTOR('',#3657,0.393700787401575);
#994=VECTOR('',#3660,0.393700787401575);
#995=VECTOR('',#3661,0.393700787401575);
#996=VECTOR('',#3662,0.393700787401575);
#997=VECTOR('',#3665,0.393700787401575);
#998=VECTOR('',#3666,0.393700787401575);
#999=VECTOR('',#3667,0.393700787401575);
#1000=VECTOR('',#3670,0.393700787401575);
#1001=VECTOR('',#3671,0.393700787401575);
#1002=VECTOR('',#3672,0.393700787401575);
#1003=VECTOR('',#3675,0.393700787401575);
#1004=VECTOR('',#3676,0.393700787401575);
#1005=VECTOR('',#3681,0.360555139053263);
#1006=VECTOR('',#3686,0.393700787401575);
#1007=VECTOR('',#3687,0.393700787401575);
#1008=VECTOR('',#3688,0.393700787401575);
#1009=VECTOR('',#3689,0.393700787401575);
#1010=VECTOR('',#3692,0.393700787401575);
#1011=VECTOR('',#3693,0.393700787401575);
#1012=VECTOR('',#3694,0.393700787401575);
#1013=VECTOR('',#3697,0.393700787401575);
#1014=VECTOR('',#3698,0.393700787401575);
#1015=VECTOR('',#3699,0.393700787401575);
#1016=VECTOR('',#3702,0.393700787401575);
#1017=VECTOR('',#3703,0.393700787401575);
#1018=VECTOR('',#3704,0.393700787401575);
#1019=VECTOR('',#3707,0.393700787401575);
#1020=VECTOR('',#3708,0.393700787401575);
#1021=VECTOR('',#3709,0.393700787401575);
#1022=VECTOR('',#3712,0.393700787401575);
#1023=VECTOR('',#3713,0.393700787401575);
#1024=VECTOR('',#3716,0.393700787401575);
#1025=VECTOR('',#3717,0.393700787401575);
#1026=VECTOR('',#3718,0.393700787401575);
#1027=VECTOR('',#3719,0.393700787401575);
#1028=VECTOR('',#3722,0.393700787401575);
#1029=VECTOR('',#3723,0.393700787401575);
#1030=VECTOR('',#3724,0.393700787401575);
#1031=VECTOR('',#3729,0.393700787401575);
#1032=VECTOR('',#3734,0.393700787401575);
#1033=VECTOR('',#3735,0.393700787401575);
#1034=VECTOR('',#3736,0.393700787401575);
#1035=VECTOR('',#3741,0.393700787401575);
#1036=VECTOR('',#3744,0.393700787401575);
#1037=VECTOR('',#3749,0.393700787401575);
#1038=VECTOR('',#3750,0.393700787401575);
#1039=VECTOR('',#3751,0.393700787401575);
#1040=VECTOR('',#3754,0.393700787401575);
#1041=VECTOR('',#3755,0.393700787401575);
#1042=VECTOR('',#3756,0.393700787401575);
#1043=VECTOR('',#3759,0.393700787401575);
#1044=VECTOR('',#3760,0.393700787401575);
#1045=VECTOR('',#3763,0.393700787401575);
#1046=VECTOR('',#3764,0.393700787401575);
#1047=VECTOR('',#3765,0.393700787401575);
#1048=VECTOR('',#3766,0.393700787401575);
#1049=VECTOR('',#3769,0.393700787401575);
#1050=VECTOR('',#3770,0.393700787401575);
#1051=VECTOR('',#3771,0.393700787401575);
#1052=VECTOR('',#3774,0.393700787401575);
#1053=VECTOR('',#3775,0.393700787401575);
#1054=VECTOR('',#3778,0.393700787401575);
#1055=VECTOR('',#3779,0.393700787401575);
#1056=VECTOR('',#3780,0.393700787401575);
#1057=VECTOR('',#3781,0.393700787401575);
#1058=VECTOR('',#3782,0.393700787401575);
#1059=VECTOR('',#3783,0.393700787401575);
#1060=VECTOR('',#3784,0.393700787401575);
#1061=VECTOR('',#3785,0.393700787401575);
#1062=VECTOR('',#3786,0.393700787401575);
#1063=VECTOR('',#3787,0.393700787401575);
#1064=VECTOR('',#3788,0.393700787401575);
#1065=VECTOR('',#3789,0.393700787401575);
#1066=VECTOR('',#3790,0.393700787401575);
#1067=VECTOR('',#3791,0.393700787401575);
#1068=VECTOR('',#3792,0.393700787401575);
#1069=VECTOR('',#3793,0.393700787401575);
#1070=VECTOR('',#3796,0.393700787401575);
#1071=VECTOR('',#3797,0.393700787401575);
#1072=VECTOR('',#3798,0.393700787401575);
#1073=VECTOR('',#3799,0.393700787401575);
#1074=VECTOR('',#3802,0.393700787401575);
#1075=VECTOR('',#3803,0.393700787401575);
#1076=VECTOR('',#3804,0.393700787401575);
#1077=VECTOR('',#3811,0.393700787401575);
#1078=VECTOR('',#3814,0.393700787401575);
#1079=VECTOR('',#3815,0.393700787401575);
#1080=VECTOR('',#3816,0.393700787401575);
#1081=VECTOR('',#3823,0.393700787401575);
#1082=VECTOR('',#3826,0.393700787401575);
#1083=VECTOR('',#3827,0.393700787401575);
#1084=VECTOR('',#3828,0.393700787401575);
#1085=VECTOR('',#3831,0.393700787401575);
#1086=VECTOR('',#3832,0.393700787401575);
#1087=VECTOR('',#3833,0.393700787401575);
#1088=VECTOR('',#3836,0.393700787401575);
#1089=VECTOR('',#3837,0.393700787401575);
#1090=VECTOR('',#3838,0.393700787401575);
#1091=VECTOR('',#3841,0.393700787401575);
#1092=VECTOR('',#3842,0.393700787401575);
#1093=VECTOR('',#3843,0.393700787401575);
#1094=VECTOR('',#3846,0.393700787401575);
#1095=VECTOR('',#3847,0.393700787401575);
#1096=VECTOR('',#3850,0.393700787401575);
#1097=VECTOR('',#3851,0.393700787401575);
#1098=VECTOR('',#3852,0.393700787401575);
#1099=VECTOR('',#3853,0.393700787401575);
#1100=VECTOR('',#3854,0.393700787401575);
#1101=VECTOR('',#3855,0.393700787401575);
#1102=VECTOR('',#3856,0.393700787401575);
#1103=VECTOR('',#3857,0.393700787401575);
#1104=VECTOR('',#3858,0.393700787401575);
#1105=VECTOR('',#3861,0.393700787401575);
#1106=VECTOR('',#3864,0.393700787401575);
#1107=VECTOR('',#3869,0.393700787401575);
#1108=VECTOR('',#3870,0.393700787401575);
#1109=VECTOR('',#3871,0.393700787401575);
#1110=VECTOR('',#3872,0.393700787401575);
#1111=VECTOR('',#3873,0.393700787401575);
#1112=VECTOR('',#3874,0.393700787401575);
#1113=VECTOR('',#3875,0.393700787401575);
#1114=VECTOR('',#3876,0.393700787401575);
#1115=VECTOR('',#3879,0.393700787401575);
#1116=VECTOR('',#3882,0.393700787401575);
#1117=VECTOR('',#3883,0.393700787401575);
#1118=VECTOR('',#3884,0.393700787401575);
#1119=VECTOR('',#3887,0.393700787401575);
#1120=VECTOR('',#3888,0.393700787401575);
#1121=VECTOR('',#3891,0.393700787401575);
#1122=VECTOR('',#3894,0.393700787401575);
#1123=VECTOR('',#3901,0.393700787401575);
#1124=VECTOR('',#3904,0.393700787401575);
#1125=VECTOR('',#3907,0.393700787401575);
#1126=VECTOR('',#3910,0.393700787401575);
#1127=VECTOR('',#3913,0.393700787401575);
#1128=VECTOR('',#3918,0.393700787401575);
#1129=VECTOR('',#3919,0.393700787401575);
#1130=VECTOR('',#3920,0.393700787401575);
#1131=VECTOR('',#3921,0.393700787401575);
#1132=VECTOR('',#3924,0.393700787401575);
#1133=VECTOR('',#3925,0.393700787401575);
#1134=VECTOR('',#3926,0.393700787401575);
#1135=VECTOR('',#3929,0.393700787401575);
#1136=VECTOR('',#3930,0.393700787401575);
#1137=VECTOR('',#3931,0.393700787401575);
#1138=VECTOR('',#3934,0.393700787401575);
#1139=VECTOR('',#3935,0.393700787401575);
#1140=VECTOR('',#3936,0.393700787401575);
#1141=VECTOR('',#3939,0.393700787401575);
#1142=VECTOR('',#3940,0.393700787401575);
#1143=VECTOR('',#3941,39.3700787401575);
#1144=VECTOR('',#3942,0.393700787401575);
#1145=VECTOR('',#3945,39.3700787401575);
#1146=VECTOR('',#3950,0.393700787401575);
#1147=VECTOR('',#3951,0.393700787401575);
#1148=VECTOR('',#3952,0.393700787401575);
#1149=VECTOR('',#3955,0.393700787401575);
#1150=VECTOR('',#3956,0.393700787401575);
#1151=VECTOR('',#3961,0.393700787401575);
#1152=VECTOR('',#3966,0.393700787401575);
#1153=VECTOR('',#3967,0.393700787401575);
#1154=VECTOR('',#3968,0.393700787401575);
#1155=VECTOR('',#3977,0.393700787401575);
#1156=VECTOR('',#3978,0.393700787401575);
#1157=VECTOR('',#3979,0.393700787401575);
#1158=VECTOR('',#3982,0.393700787401575);
#1159=VECTOR('',#3983,0.393700787401575);
#1160=VECTOR('',#3984,0.393700787401575);
#1161=VECTOR('',#3987,0.393700787401575);
#1162=VECTOR('',#3988,0.393700787401575);
#1163=VECTOR('',#3991,0.393700787401575);
#1164=VECTOR('',#3994,0.393700787401575);
#1165=VECTOR('',#3995,0.393700787401575);
#1166=VECTOR('',#3998,0.393700787401575);
#1167=VECTOR('',#3999,0.393700787401575);
#1168=VECTOR('',#4002,0.393700787401575);
#1169=VECTOR('',#4005,0.393700787401575);
#1170=VECTOR('',#4006,0.393700787401575);
#1171=VECTOR('',#4007,0.393700787401575);
#1172=VECTOR('',#4010,0.393700787401575);
#1173=VECTOR('',#4011,0.393700787401575);
#1174=VECTOR('',#4012,0.393700787401575);
#1175=VECTOR('',#4015,0.393700787401575);
#1176=VECTOR('',#4016,0.393700787401575);
#1177=VECTOR('',#4017,0.393700787401575);
#1178=VECTOR('',#4020,0.393700787401575);
#1179=VECTOR('',#4021,0.393700787401575);
#1180=VECTOR('',#4022,0.393700787401575);
#1181=VECTOR('',#4025,0.393700787401575);
#1182=VECTOR('',#4026,0.393700787401575);
#1183=VECTOR('',#4041,0.110236220472441);
#1184=VECTOR('',#4046,0.0590551181102362);
#1185=VECTOR('',#4063,0.0590551181102362);
#1186=VECTOR('',#4074,0.110236220472441);
#1187=VECTOR('',#4079,0.0590551181102362);
#1188=VECTOR('',#4096,0.0590551181102362);
#1189=VECTOR('',#4107,0.110236220472441);
#1190=VECTOR('',#4112,0.0590551181102362);
#1191=VECTOR('',#4129,0.0590551181102362);
#1192=VECTOR('',#4132,0.393700787401575);
#1193=VECTOR('',#4133,0.393700787401575);
#1194=VECTOR('',#4134,0.393700787401575);
#1195=VECTOR('',#4135,0.393700787401575);
#1196=VECTOR('',#4138,0.393700787401575);
#1197=VECTOR('',#4139,0.393700787401575);
#1198=VECTOR('',#4140,0.393700787401575);
#1199=VECTOR('',#4143,0.393700787401575);
#1200=VECTOR('',#4144,0.393700787401575);
#1201=VECTOR('',#4145,0.393700787401575);
#1202=VECTOR('',#4148,0.393700787401575);
#1203=VECTOR('',#4149,0.393700787401575);
#1204=VECTOR('',#4150,0.393700787401575);
#1205=VECTOR('',#4153,0.393700787401575);
#1206=VECTOR('',#4154,0.393700787401575);
#1207=VECTOR('',#4155,0.393700787401575);
#1208=VECTOR('',#4158,0.393700787401575);
#1209=VECTOR('',#4159,0.393700787401575);
#1210=VECTOR('',#4160,0.393700787401575);
#1211=VECTOR('',#4161,0.393700787401575);
#1212=VECTOR('',#4164,0.393700787401575);
#1213=VECTOR('',#4165,0.393700787401575);
#1214=VECTOR('',#4166,0.393700787401575);
#1215=VECTOR('',#4169,0.393700787401575);
#1216=VECTOR('',#4170,0.393700787401575);
#1217=VECTOR('',#4171,0.393700787401575);
#1218=VECTOR('',#4174,0.393700787401575);
#1219=VECTOR('',#4175,0.393700787401575);
#1220=VECTOR('',#4176,0.393700787401575);
#1221=VECTOR('',#4179,0.393700787401575);
#1222=VECTOR('',#4180,0.393700787401575);
#1223=VECTOR('',#4181,0.393700787401575);
#1224=VECTOR('',#4184,0.393700787401575);
#1225=VECTOR('',#4185,0.393700787401575);
#1226=VECTOR('',#4188,0.393700787401575);
#1227=VECTOR('',#4191,0.393700787401575);
#1228=VECTOR('',#4196,0.393700787401575);
#1229=VECTOR('',#4197,0.393700787401575);
#1230=VECTOR('',#4198,0.393700787401575);
#1231=VECTOR('',#4199,0.393700787401575);
#1232=VECTOR('',#4202,0.393700787401575);
#1233=VECTOR('',#4203,0.393700787401575);
#1234=VECTOR('',#4204,0.393700787401575);
#1235=VECTOR('',#4207,0.393700787401575);
#1236=VECTOR('',#4208,0.393700787401575);
#1237=VECTOR('',#4209,0.393700787401575);
#1238=VECTOR('',#4212,0.393700787401575);
#1239=VECTOR('',#4213,0.393700787401575);
#1240=VECTOR('',#4214,0.393700787401575);
#1241=VECTOR('',#4217,0.393700787401575);
#1242=VECTOR('',#4218,0.393700787401575);
#1243=VECTOR('',#4219,0.393700787401575);
#1244=VECTOR('',#4222,0.393700787401575);
#1245=VECTOR('',#4223,0.393700787401575);
#1246=VECTOR('',#4224,0.393700787401575);
#1247=VECTOR('',#4225,0.393700787401575);
#1248=VECTOR('',#4228,0.393700787401575);
#1249=VECTOR('',#4229,0.393700787401575);
#1250=VECTOR('',#4230,0.393700787401575);
#1251=VECTOR('',#4233,0.393700787401575);
#1252=VECTOR('',#4234,0.393700787401575);
#1253=VECTOR('',#4235,0.393700787401575);
#1254=VECTOR('',#4238,0.393700787401575);
#1255=VECTOR('',#4239,0.393700787401575);
#1256=VECTOR('',#4240,0.393700787401575);
#1257=VECTOR('',#4243,0.393700787401575);
#1258=VECTOR('',#4244,0.393700787401575);
#1259=VECTOR('',#4245,0.393700787401575);
#1260=VECTOR('',#4248,0.393700787401575);
#1261=VECTOR('',#4249,0.393700787401575);
#1262=VECTOR('',#4252,0.393700787401575);
#1263=VECTOR('',#4253,0.393700787401575);
#1264=VERTEX_POINT('',#4263);
#1265=VERTEX_POINT('',#4264);
#1266=VERTEX_POINT('',#4266);
#1267=VERTEX_POINT('',#4268);
#1268=VERTEX_POINT('',#4272);
#1269=VERTEX_POINT('',#4274);
#1270=VERTEX_POINT('',#4278);
#1271=VERTEX_POINT('',#4279);
#1272=VERTEX_POINT('',#4281);
#1273=VERTEX_POINT('',#4283);
#1274=VERTEX_POINT('',#4287);
#1275=VERTEX_POINT('',#4288);
#1276=VERTEX_POINT('',#4290);
#1277=VERTEX_POINT('',#4292);
#1278=VERTEX_POINT('',#4296);
#1279=VERTEX_POINT('',#4297);
#1280=VERTEX_POINT('',#4303);
#1281=VERTEX_POINT('',#4305);
#1282=VERTEX_POINT('',#4307);
#1283=VERTEX_POINT('',#4309);
#1284=VERTEX_POINT('',#4313);
#1285=VERTEX_POINT('',#4315);
#1286=VERTEX_POINT('',#4321);
#1287=VERTEX_POINT('',#4322);
#1288=VERTEX_POINT('',#4331);
#1289=VERTEX_POINT('',#4333);
#1290=VERTEX_POINT('',#4335);
#1291=VERTEX_POINT('',#4337);
#1292=VERTEX_POINT('',#4341);
#1293=VERTEX_POINT('',#4343);
#1294=VERTEX_POINT('',#4345);
#1295=VERTEX_POINT('',#4347);
#1296=VERTEX_POINT('',#4353);
#1297=VERTEX_POINT('',#4354);
#1298=VERTEX_POINT('',#4356);
#1299=VERTEX_POINT('',#4358);
#1300=VERTEX_POINT('',#4362);
#1301=VERTEX_POINT('',#4364);
#1302=VERTEX_POINT('',#4368);
#1303=VERTEX_POINT('',#4370);
#1304=VERTEX_POINT('',#4374);
#1305=VERTEX_POINT('',#4376);
#1306=VERTEX_POINT('',#4380);
#1307=VERTEX_POINT('',#4382);
#1308=VERTEX_POINT('',#4386);
#1309=VERTEX_POINT('',#4388);
#1310=VERTEX_POINT('',#4392);
#1311=VERTEX_POINT('',#4394);
#1312=VERTEX_POINT('',#4398);
#1313=VERTEX_POINT('',#4400);
#1314=VERTEX_POINT('',#4404);
#1315=VERTEX_POINT('',#4406);
#1316=VERTEX_POINT('',#4410);
#1317=VERTEX_POINT('',#4412);
#1318=VERTEX_POINT('',#4416);
#1319=VERTEX_POINT('',#4418);
#1320=VERTEX_POINT('',#4422);
#1321=VERTEX_POINT('',#4424);
#1322=VERTEX_POINT('',#4428);
#1323=VERTEX_POINT('',#4430);
#1324=VERTEX_POINT('',#4434);
#1325=VERTEX_POINT('',#4436);
#1326=VERTEX_POINT('',#4440);
#1327=VERTEX_POINT('',#4442);
#1328=VERTEX_POINT('',#4446);
#1329=VERTEX_POINT('',#4448);
#1330=VERTEX_POINT('',#4452);
#1331=VERTEX_POINT('',#4454);
#1332=VERTEX_POINT('',#4458);
#1333=VERTEX_POINT('',#4460);
#1334=VERTEX_POINT('',#4464);
#1335=VERTEX_POINT('',#4466);
#1336=VERTEX_POINT('',#4470);
#1337=VERTEX_POINT('',#4472);
#1338=VERTEX_POINT('',#4476);
#1339=VERTEX_POINT('',#4478);
#1340=VERTEX_POINT('',#4482);
#1341=VERTEX_POINT('',#4484);
#1342=VERTEX_POINT('',#4488);
#1343=VERTEX_POINT('',#4490);
#1344=VERTEX_POINT('',#4494);
#1345=VERTEX_POINT('',#4496);
#1346=VERTEX_POINT('',#4500);
#1347=VERTEX_POINT('',#4502);
#1348=VERTEX_POINT('',#4506);
#1349=VERTEX_POINT('',#4508);
#1350=VERTEX_POINT('',#4512);
#1351=VERTEX_POINT('',#4514);
#1352=VERTEX_POINT('',#4518);
#1353=VERTEX_POINT('',#4520);
#1354=VERTEX_POINT('',#4524);
#1355=VERTEX_POINT('',#4526);
#1356=VERTEX_POINT('',#4530);
#1357=VERTEX_POINT('',#4532);
#1358=VERTEX_POINT('',#4536);
#1359=VERTEX_POINT('',#4538);
#1360=VERTEX_POINT('',#4542);
#1361=VERTEX_POINT('',#4544);
#1362=VERTEX_POINT('',#4551);
#1363=VERTEX_POINT('',#4553);
#1364=VERTEX_POINT('',#4557);
#1365=VERTEX_POINT('',#4558);
#1366=VERTEX_POINT('',#4560);
#1367=VERTEX_POINT('',#4562);
#1368=VERTEX_POINT('',#4566);
#1369=VERTEX_POINT('',#4568);
#1370=VERTEX_POINT('',#4572);
#1371=VERTEX_POINT('',#4574);
#1372=VERTEX_POINT('',#4578);
#1373=VERTEX_POINT('',#4580);
#1374=VERTEX_POINT('',#4584);
#1375=VERTEX_POINT('',#4586);
#1376=VERTEX_POINT('',#4593);
#1377=VERTEX_POINT('',#4594);
#1378=VERTEX_POINT('',#4596);
#1379=VERTEX_POINT('',#4598);
#1380=VERTEX_POINT('',#4602);
#1381=VERTEX_POINT('',#4604);
#1382=VERTEX_POINT('',#4608);
#1383=VERTEX_POINT('',#4610);
#1384=VERTEX_POINT('',#4614);
#1385=VERTEX_POINT('',#4616);
#1386=VERTEX_POINT('',#4620);
#1387=VERTEX_POINT('',#4622);
#1388=VERTEX_POINT('',#4624);
#1389=VERTEX_POINT('',#4626);
#1390=VERTEX_POINT('',#4630);
#1391=VERTEX_POINT('',#4632);
#1392=VERTEX_POINT('',#4636);
#1393=VERTEX_POINT('',#4638);
#1394=VERTEX_POINT('',#4642);
#1395=VERTEX_POINT('',#4646);
#1396=VERTEX_POINT('',#4648);
#1397=VERTEX_POINT('',#4650);
#1398=VERTEX_POINT('',#4654);
#1399=VERTEX_POINT('',#4656);
#1400=VERTEX_POINT('',#4664);
#1401=VERTEX_POINT('',#4666);
#1402=VERTEX_POINT('',#4668);
#1403=VERTEX_POINT('',#4670);
#1404=VERTEX_POINT('',#4672);
#1405=VERTEX_POINT('',#4674);
#1406=VERTEX_POINT('',#4676);
#1407=VERTEX_POINT('',#4678);
#1408=VERTEX_POINT('',#4680);
#1409=VERTEX_POINT('',#4682);
#1410=VERTEX_POINT('',#4684);
#1411=VERTEX_POINT('',#4686);
#1412=VERTEX_POINT('',#4688);
#1413=VERTEX_POINT('',#4690);
#1414=VERTEX_POINT('',#4694);
#1415=VERTEX_POINT('',#4695);
#1416=VERTEX_POINT('',#4697);
#1417=VERTEX_POINT('',#4699);
#1418=VERTEX_POINT('',#4703);
#1419=VERTEX_POINT('',#4705);
#1420=VERTEX_POINT('',#4709);
#1421=VERTEX_POINT('',#4711);
#1422=VERTEX_POINT('',#4715);
#1423=VERTEX_POINT('',#4717);
#1424=VERTEX_POINT('',#4721);
#1425=VERTEX_POINT('',#4723);
#1426=VERTEX_POINT('',#4727);
#1427=VERTEX_POINT('',#4729);
#1428=VERTEX_POINT('',#4733);
#1429=VERTEX_POINT('',#4735);
#1430=VERTEX_POINT('',#4739);
#1431=VERTEX_POINT('',#4741);
#1432=VERTEX_POINT('',#4745);
#1433=VERTEX_POINT('',#4747);
#1434=VERTEX_POINT('',#4754);
#1435=VERTEX_POINT('',#4756);
#1436=VERTEX_POINT('',#4759);
#1437=VERTEX_POINT('',#4760);
#1438=VERTEX_POINT('',#4762);
#1439=VERTEX_POINT('',#4764);
#1440=VERTEX_POINT('',#4766);
#1441=VERTEX_POINT('',#4768);
#1442=VERTEX_POINT('',#4770);
#1443=VERTEX_POINT('',#4772);
#1444=VERTEX_POINT('',#4774);
#1445=VERTEX_POINT('',#4776);
#1446=VERTEX_POINT('',#4780);
#1447=VERTEX_POINT('',#4782);
#1448=VERTEX_POINT('',#4785);
#1449=VERTEX_POINT('',#4787);
#1450=VERTEX_POINT('',#4789);
#1451=VERTEX_POINT('',#4791);
#1452=VERTEX_POINT('',#4793);
#1453=VERTEX_POINT('',#4795);
#1454=VERTEX_POINT('',#4797);
#1455=VERTEX_POINT('',#4801);
#1456=VERTEX_POINT('',#4803);
#1457=VERTEX_POINT('',#4827);
#1458=VERTEX_POINT('',#4828);
#1459=VERTEX_POINT('',#4830);
#1460=VERTEX_POINT('',#4832);
#1461=VERTEX_POINT('',#4836);
#1462=VERTEX_POINT('',#4838);
#1463=VERTEX_POINT('',#4842);
#1464=VERTEX_POINT('',#4844);
#1465=VERTEX_POINT('',#4848);
#1466=VERTEX_POINT('',#4850);
#1467=VERTEX_POINT('',#4854);
#1468=VERTEX_POINT('',#4856);
#1469=VERTEX_POINT('',#4861);
#1470=VERTEX_POINT('',#4865);
#1471=VERTEX_POINT('',#4867);
#1472=VERTEX_POINT('',#4871);
#1473=VERTEX_POINT('',#4875);
#1474=VERTEX_POINT('',#4877);
#1475=VERTEX_POINT('',#4881);
#1476=VERTEX_POINT('',#4883);
#1477=VERTEX_POINT('',#4890);
#1478=VERTEX_POINT('',#4892);
#1479=VERTEX_POINT('',#4896);
#1480=VERTEX_POINT('',#4898);
#1481=VERTEX_POINT('',#4902);
#1482=VERTEX_POINT('',#4908);
#1483=VERTEX_POINT('',#4912);
#1484=VERTEX_POINT('',#4918);
#1485=VERTEX_POINT('',#4920);
#1486=VERTEX_POINT('',#4924);
#1487=VERTEX_POINT('',#4926);
#1488=VERTEX_POINT('',#4930);
#1489=VERTEX_POINT('',#4932);
#1490=VERTEX_POINT('',#4936);
#1491=VERTEX_POINT('',#4938);
#1492=VERTEX_POINT('',#4947);
#1493=VERTEX_POINT('',#4950);
#1494=VERTEX_POINT('',#4955);
#1495=VERTEX_POINT('',#4957);
#1496=VERTEX_POINT('',#4963);
#1497=VERTEX_POINT('',#4966);
#1498=VERTEX_POINT('',#4971);
#1499=VERTEX_POINT('',#4974);
#1500=VERTEX_POINT('',#4979);
#1501=VERTEX_POINT('',#4981);
#1502=VERTEX_POINT('',#4987);
#1503=VERTEX_POINT('',#4990);
#1504=VERTEX_POINT('',#4995);
#1505=VERTEX_POINT('',#4998);
#1506=VERTEX_POINT('',#5003);
#1507=VERTEX_POINT('',#5005);
#1508=VERTEX_POINT('',#5011);
#1509=VERTEX_POINT('',#5014);
#1510=VERTEX_POINT('',#5019);
#1511=VERTEX_POINT('',#5020);
#1512=VERTEX_POINT('',#5022);
#1513=VERTEX_POINT('',#5024);
#1514=VERTEX_POINT('',#5028);
#1515=VERTEX_POINT('',#5030);
#1516=VERTEX_POINT('',#5034);
#1517=VERTEX_POINT('',#5036);
#1518=VERTEX_POINT('',#5040);
#1519=VERTEX_POINT('',#5042);
#1520=VERTEX_POINT('',#5046);
#1521=VERTEX_POINT('',#5048);
#1522=VERTEX_POINT('',#5052);
#1523=VERTEX_POINT('',#5053);
#1524=VERTEX_POINT('',#5055);
#1525=VERTEX_POINT('',#5057);
#1526=VERTEX_POINT('',#5061);
#1527=VERTEX_POINT('',#5063);
#1528=VERTEX_POINT('',#5067);
#1529=VERTEX_POINT('',#5069);
#1530=VERTEX_POINT('',#5073);
#1531=VERTEX_POINT('',#5075);
#1532=VERTEX_POINT('',#5079);
#1533=VERTEX_POINT('',#5081);
#1534=VERTEX_POINT('',#5093);
#1535=VERTEX_POINT('',#5094);
#1536=VERTEX_POINT('',#5096);
#1537=VERTEX_POINT('',#5098);
#1538=VERTEX_POINT('',#5102);
#1539=VERTEX_POINT('',#5104);
#1540=VERTEX_POINT('',#5108);
#1541=VERTEX_POINT('',#5110);
#1542=VERTEX_POINT('',#5114);
#1543=VERTEX_POINT('',#5116);
#1544=VERTEX_POINT('',#5120);
#1545=VERTEX_POINT('',#5122);
#1546=VERTEX_POINT('',#5126);
#1547=VERTEX_POINT('',#5127);
#1548=VERTEX_POINT('',#5129);
#1549=VERTEX_POINT('',#5131);
#1550=VERTEX_POINT('',#5135);
#1551=VERTEX_POINT('',#5137);
#1552=VERTEX_POINT('',#5141);
#1553=VERTEX_POINT('',#5143);
#1554=VERTEX_POINT('',#5147);
#1555=VERTEX_POINT('',#5149);
#1556=VERTEX_POINT('',#5153);
#1557=VERTEX_POINT('',#5155);
#1558=EDGE_CURVE('',#1264,#1265,#460,.T.);
#1559=EDGE_CURVE('',#1266,#1264,#461,.T.);
#1560=EDGE_CURVE('',#1267,#1266,#462,.T.);
#1561=EDGE_CURVE('',#1265,#1267,#463,.T.);
#1562=EDGE_CURVE('',#1267,#1268,#464,.T.);
#1563=EDGE_CURVE('',#1269,#1268,#465,.T.);
#1564=EDGE_CURVE('',#1265,#1269,#466,.T.);
#1565=EDGE_CURVE('',#1270,#1271,#467,.T.);
#1566=EDGE_CURVE('',#1270,#1272,#468,.T.);
#1567=EDGE_CURVE('',#1273,#1272,#469,.T.);
#1568=EDGE_CURVE('',#1271,#1273,#470,.T.);
#1569=EDGE_CURVE('',#1274,#1275,#471,.T.);
#1570=EDGE_CURVE('',#1276,#1274,#472,.T.);
#1571=EDGE_CURVE('',#1277,#1276,#473,.T.);
#1572=EDGE_CURVE('',#1277,#1275,#474,.T.);
#1573=EDGE_CURVE('',#1278,#1279,#475,.T.);
#1574=EDGE_CURVE('',#1271,#1278,#476,.T.);
#1575=EDGE_CURVE('',#1279,#1273,#477,.T.);
#1576=EDGE_CURVE('',#1269,#1274,#478,.T.);
#1577=EDGE_CURVE('',#1268,#1280,#479,.T.);
#1578=EDGE_CURVE('',#1280,#1281,#480,.T.);
#1579=EDGE_CURVE('',#1282,#1281,#481,.T.);
#1580=EDGE_CURVE('',#1282,#1283,#482,.T.);
#1581=EDGE_CURVE('',#1283,#1276,#483,.T.);
#1582=EDGE_CURVE('',#1284,#1282,#484,.T.);
#1583=EDGE_CURVE('',#1284,#1285,#485,.T.);
#1584=EDGE_CURVE('',#1285,#1283,#486,.T.);
#1585=EDGE_CURVE('',#1266,#1280,#487,.T.);
#1586=EDGE_CURVE('',#1286,#1287,#488,.T.);
#1587=EDGE_CURVE('',#1272,#1286,#489,.T.);
#1588=EDGE_CURVE('',#1287,#1270,#490,.T.);
#1589=EDGE_CURVE('',#1285,#1277,#491,.T.);
#1590=EDGE_CURVE('',#1279,#1286,#492,.T.);
#1591=EDGE_CURVE('',#1287,#1288,#493,.T.);
#1592=EDGE_CURVE('',#1288,#1289,#494,.T.);
#1593=EDGE_CURVE('',#1290,#1289,#495,.T.);
#1594=EDGE_CURVE('',#1291,#1290,#496,.T.);
#1595=EDGE_CURVE('',#1291,#1278,#497,.T.);
#1596=EDGE_CURVE('',#1275,#1292,#498,.T.);
#1597=EDGE_CURVE('',#1292,#1293,#499,.T.);
#1598=EDGE_CURVE('',#1294,#1293,#500,.T.);
#1599=EDGE_CURVE('',#1295,#1294,#501,.T.);
#1600=EDGE_CURVE('',#1295,#1284,#502,.T.);
#1601=EDGE_CURVE('',#1281,#1264,#503,.T.);
#1602=EDGE_CURVE('',#1296,#1297,#504,.T.);
#1603=EDGE_CURVE('',#1298,#1296,#505,.T.);
#1604=EDGE_CURVE('',#1299,#1298,#506,.T.);
#1605=EDGE_CURVE('',#1299,#1297,#507,.T.);
#1606=EDGE_CURVE('',#1297,#1300,#508,.T.);
#1607=EDGE_CURVE('',#1301,#1299,#509,.T.);
#1608=EDGE_CURVE('',#1301,#1300,#510,.T.);
#1609=EDGE_CURVE('',#1300,#1302,#511,.T.);
#1610=EDGE_CURVE('',#1303,#1301,#512,.T.);
#1611=EDGE_CURVE('',#1303,#1302,#513,.T.);
#1612=EDGE_CURVE('',#1302,#1304,#514,.T.);
#1613=EDGE_CURVE('',#1305,#1303,#515,.T.);
#1614=EDGE_CURVE('',#1305,#1304,#516,.T.);
#1615=EDGE_CURVE('',#1304,#1306,#517,.T.);
#1616=EDGE_CURVE('',#1307,#1305,#518,.T.);
#1617=EDGE_CURVE('',#1307,#1306,#519,.T.);
#1618=EDGE_CURVE('',#1306,#1308,#520,.T.);
#1619=EDGE_CURVE('',#1309,#1307,#521,.T.);
#1620=EDGE_CURVE('',#1309,#1308,#522,.T.);
#1621=EDGE_CURVE('',#1308,#1310,#523,.T.);
#1622=EDGE_CURVE('',#1311,#1309,#524,.T.);
#1623=EDGE_CURVE('',#1311,#1310,#525,.T.);
#1624=EDGE_CURVE('',#1310,#1312,#526,.T.);
#1625=EDGE_CURVE('',#1313,#1311,#527,.T.);
#1626=EDGE_CURVE('',#1313,#1312,#528,.T.);
#1627=EDGE_CURVE('',#1312,#1314,#529,.T.);
#1628=EDGE_CURVE('',#1315,#1313,#530,.T.);
#1629=EDGE_CURVE('',#1315,#1314,#531,.T.);
#1630=EDGE_CURVE('',#1314,#1316,#532,.T.);
#1631=EDGE_CURVE('',#1317,#1315,#533,.T.);
#1632=EDGE_CURVE('',#1317,#1316,#534,.T.);
#1633=EDGE_CURVE('',#1316,#1318,#535,.T.);
#1634=EDGE_CURVE('',#1319,#1317,#536,.T.);
#1635=EDGE_CURVE('',#1319,#1318,#537,.T.);
#1636=EDGE_CURVE('',#1318,#1320,#538,.T.);
#1637=EDGE_CURVE('',#1321,#1319,#539,.T.);
#1638=EDGE_CURVE('',#1321,#1320,#540,.T.);
#1639=EDGE_CURVE('',#1320,#1322,#541,.T.);
#1640=EDGE_CURVE('',#1323,#1321,#542,.T.);
#1641=EDGE_CURVE('',#1323,#1322,#543,.T.);
#1642=EDGE_CURVE('',#1322,#1324,#544,.T.);
#1643=EDGE_CURVE('',#1325,#1323,#545,.T.);
#1644=EDGE_CURVE('',#1325,#1324,#546,.T.);
#1645=EDGE_CURVE('',#1324,#1326,#547,.T.);
#1646=EDGE_CURVE('',#1327,#1325,#548,.T.);
#1647=EDGE_CURVE('',#1327,#1326,#549,.T.);
#1648=EDGE_CURVE('',#1326,#1328,#550,.T.);
#1649=EDGE_CURVE('',#1329,#1327,#551,.T.);
#1650=EDGE_CURVE('',#1329,#1328,#552,.T.);
#1651=EDGE_CURVE('',#1328,#1330,#553,.T.);
#1652=EDGE_CURVE('',#1331,#1329,#554,.T.);
#1653=EDGE_CURVE('',#1331,#1330,#555,.T.);
#1654=EDGE_CURVE('',#1330,#1332,#556,.T.);
#1655=EDGE_CURVE('',#1333,#1331,#557,.T.);
#1656=EDGE_CURVE('',#1333,#1332,#558,.T.);
#1657=EDGE_CURVE('',#1332,#1334,#559,.T.);
#1658=EDGE_CURVE('',#1335,#1333,#560,.T.);
#1659=EDGE_CURVE('',#1335,#1334,#561,.T.);
#1660=EDGE_CURVE('',#1334,#1336,#562,.T.);
#1661=EDGE_CURVE('',#1337,#1335,#563,.T.);
#1662=EDGE_CURVE('',#1337,#1336,#564,.T.);
#1663=EDGE_CURVE('',#1336,#1338,#565,.T.);
#1664=EDGE_CURVE('',#1339,#1337,#566,.T.);
#1665=EDGE_CURVE('',#1339,#1338,#567,.T.);
#1666=EDGE_CURVE('',#1338,#1340,#568,.T.);
#1667=EDGE_CURVE('',#1341,#1339,#569,.T.);
#1668=EDGE_CURVE('',#1341,#1340,#570,.T.);
#1669=EDGE_CURVE('',#1340,#1342,#571,.T.);
#1670=EDGE_CURVE('',#1343,#1341,#572,.T.);
#1671=EDGE_CURVE('',#1343,#1342,#573,.T.);
#1672=EDGE_CURVE('',#1342,#1344,#574,.T.);
#1673=EDGE_CURVE('',#1345,#1343,#575,.T.);
#1674=EDGE_CURVE('',#1345,#1344,#576,.T.);
#1675=EDGE_CURVE('',#1344,#1346,#577,.T.);
#1676=EDGE_CURVE('',#1347,#1345,#578,.T.);
#1677=EDGE_CURVE('',#1347,#1346,#579,.T.);
#1678=EDGE_CURVE('',#1346,#1348,#580,.T.);
#1679=EDGE_CURVE('',#1349,#1347,#581,.T.);
#1680=EDGE_CURVE('',#1349,#1348,#582,.T.);
#1681=EDGE_CURVE('',#1348,#1350,#583,.T.);
#1682=EDGE_CURVE('',#1351,#1349,#584,.T.);
#1683=EDGE_CURVE('',#1351,#1350,#585,.T.);
#1684=EDGE_CURVE('',#1350,#1352,#586,.T.);
#1685=EDGE_CURVE('',#1353,#1351,#587,.T.);
#1686=EDGE_CURVE('',#1353,#1352,#588,.T.);
#1687=EDGE_CURVE('',#1352,#1354,#589,.T.);
#1688=EDGE_CURVE('',#1355,#1353,#590,.T.);
#1689=EDGE_CURVE('',#1355,#1354,#591,.T.);
#1690=EDGE_CURVE('',#1354,#1356,#592,.T.);
#1691=EDGE_CURVE('',#1357,#1355,#593,.T.);
#1692=EDGE_CURVE('',#1357,#1356,#594,.T.);
#1693=EDGE_CURVE('',#1356,#1358,#595,.T.);
#1694=EDGE_CURVE('',#1359,#1357,#596,.T.);
#1695=EDGE_CURVE('',#1359,#1358,#597,.T.);
#1696=EDGE_CURVE('',#1358,#1360,#598,.T.);
#1697=EDGE_CURVE('',#1361,#1359,#599,.T.);
#1698=EDGE_CURVE('',#1361,#1360,#600,.T.);
#1699=EDGE_CURVE('',#1360,#1296,#601,.T.);
#1700=EDGE_CURVE('',#1298,#1361,#602,.T.);
#1701=EDGE_CURVE('',#1362,#1362,#53,.T.);
#1702=EDGE_CURVE('',#1362,#1363,#603,.T.);
#1703=EDGE_CURVE('',#1363,#1363,#54,.T.);
#1704=EDGE_CURVE('',#1364,#1365,#604,.T.);
#1705=EDGE_CURVE('',#1366,#1364,#605,.T.);
#1706=EDGE_CURVE('',#1367,#1366,#606,.T.);
#1707=EDGE_CURVE('',#1367,#1365,#607,.T.);
#1708=EDGE_CURVE('',#1365,#1368,#608,.T.);
#1709=EDGE_CURVE('',#1369,#1367,#609,.T.);
#1710=EDGE_CURVE('',#1369,#1368,#610,.T.);
#1711=EDGE_CURVE('',#1368,#1370,#611,.T.);
#1712=EDGE_CURVE('',#1371,#1369,#612,.T.);
#1713=EDGE_CURVE('',#1371,#1370,#613,.T.);
#1714=EDGE_CURVE('',#1370,#1372,#614,.T.);
#1715=EDGE_CURVE('',#1373,#1371,#615,.T.);
#1716=EDGE_CURVE('',#1373,#1372,#616,.T.);
#1717=EDGE_CURVE('',#1372,#1374,#617,.T.);
#1718=EDGE_CURVE('',#1375,#1373,#618,.T.);
#1719=EDGE_CURVE('',#1375,#1374,#619,.T.);
#1720=EDGE_CURVE('',#1374,#1364,#620,.T.);
#1721=EDGE_CURVE('',#1366,#1375,#621,.T.);
#1722=EDGE_CURVE('',#1376,#1377,#622,.T.);
#1723=EDGE_CURVE('',#1376,#1378,#623,.T.);
#1724=EDGE_CURVE('',#1379,#1378,#624,.T.);
#1725=EDGE_CURVE('',#1377,#1379,#625,.T.);
#1726=EDGE_CURVE('',#1377,#1380,#626,.T.);
#1727=EDGE_CURVE('',#1381,#1379,#627,.T.);
#1728=EDGE_CURVE('',#1380,#1381,#628,.T.);
#1729=EDGE_CURVE('',#1382,#1376,#55,.T.);
#1730=EDGE_CURVE('',#1382,#1383,#629,.T.);
#1731=EDGE_CURVE('',#1378,#1383,#56,.T.);
#1732=EDGE_CURVE('',#1384,#1382,#630,.T.);
#1733=EDGE_CURVE('',#1384,#1385,#631,.T.);
#1734=EDGE_CURVE('',#1383,#1385,#632,.T.);
#1735=EDGE_CURVE('',#1386,#1384,#57,.T.);
#1736=EDGE_CURVE('',#1386,#1387,#633,.T.);
#1737=EDGE_CURVE('',#1387,#1388,#58,.T.);
#1738=EDGE_CURVE('',#1389,#1388,#634,.T.);
#1739=EDGE_CURVE('',#1385,#1389,#59,.T.);
#1740=EDGE_CURVE('',#1388,#1390,#635,.T.);
#1741=EDGE_CURVE('',#1391,#1387,#636,.T.);
#1742=EDGE_CURVE('',#1390,#1391,#637,.T.);
#1743=EDGE_CURVE('',#1380,#1392,#638,.T.);
#1744=EDGE_CURVE('',#1393,#1381,#639,.T.);
#1745=EDGE_CURVE('',#1392,#1393,#640,.T.);
#1746=EDGE_CURVE('',#1394,#1386,#641,.T.);
#1747=EDGE_CURVE('',#1394,#1391,#642,.T.);
#1748=EDGE_CURVE('',#1395,#1394,#643,.T.);
#1749=EDGE_CURVE('',#1395,#1396,#644,.T.);
#1750=EDGE_CURVE('',#1397,#1396,#645,.T.);
#1751=EDGE_CURVE('',#1390,#1397,#646,.T.);
#1752=EDGE_CURVE('',#1398,#1395,#647,.T.);
#1753=EDGE_CURVE('',#1398,#1399,#648,.T.);
#1754=EDGE_CURVE('',#1396,#1399,#649,.T.);
#1755=EDGE_CURVE('',#1392,#1398,#650,.T.);
#1756=EDGE_CURVE('',#1399,#1393,#651,.T.);
#1757=EDGE_CURVE('',#1389,#1291,#652,.T.);
#1758=EDGE_CURVE('',#1400,#1397,#653,.T.);
#1759=EDGE_CURVE('',#1400,#1401,#654,.T.);
#1760=EDGE_CURVE('',#1401,#1402,#655,.T.);
#1761=EDGE_CURVE('',#1402,#1403,#656,.T.);
#1762=EDGE_CURVE('',#1404,#1403,#657,.T.);
#1763=EDGE_CURVE('',#1405,#1404,#658,.T.);
#1764=EDGE_CURVE('',#1406,#1405,#659,.T.);
#1765=EDGE_CURVE('',#1407,#1406,#660,.T.);
#1766=EDGE_CURVE('',#1408,#1407,#661,.T.);
#1767=EDGE_CURVE('',#1409,#1408,#662,.T.);
#1768=EDGE_CURVE('',#1410,#1409,#663,.T.);
#1769=EDGE_CURVE('',#1410,#1411,#664,.T.);
#1770=EDGE_CURVE('',#1411,#1412,#665,.T.);
#1771=EDGE_CURVE('',#1412,#1413,#666,.T.);
#1772=EDGE_CURVE('',#1288,#1413,#667,.T.);
#1773=EDGE_CURVE('',#1414,#1415,#668,.T.);
#1774=EDGE_CURVE('',#1414,#1416,#669,.T.);
#1775=EDGE_CURVE('',#1417,#1416,#670,.T.);
#1776=EDGE_CURVE('',#1415,#1417,#671,.T.);
#1777=EDGE_CURVE('',#1415,#1418,#672,.T.);
#1778=EDGE_CURVE('',#1419,#1417,#673,.T.);
#1779=EDGE_CURVE('',#1418,#1419,#674,.T.);
#1780=EDGE_CURVE('',#1418,#1420,#60,.T.);
#1781=EDGE_CURVE('',#1421,#1419,#61,.T.);
#1782=EDGE_CURVE('',#1420,#1421,#675,.T.);
#1783=EDGE_CURVE('',#1420,#1422,#676,.T.);
#1784=EDGE_CURVE('',#1423,#1421,#677,.T.);
#1785=EDGE_CURVE('',#1422,#1423,#678,.T.);
#1786=EDGE_CURVE('',#1422,#1424,#62,.T.);
#1787=EDGE_CURVE('',#1425,#1423,#63,.T.);
#1788=EDGE_CURVE('',#1424,#1425,#679,.T.);
#1789=EDGE_CURVE('',#1424,#1426,#680,.T.);
#1790=EDGE_CURVE('',#1427,#1425,#681,.T.);
#1791=EDGE_CURVE('',#1426,#1427,#682,.T.);
#1792=EDGE_CURVE('',#1428,#1414,#683,.T.);
#1793=EDGE_CURVE('',#1428,#1429,#684,.T.);
#1794=EDGE_CURVE('',#1416,#1429,#685,.T.);
#1795=EDGE_CURVE('',#1430,#1428,#686,.T.);
#1796=EDGE_CURVE('',#1430,#1431,#687,.T.);
#1797=EDGE_CURVE('',#1429,#1431,#688,.T.);
#1798=EDGE_CURVE('',#1432,#1430,#689,.T.);
#1799=EDGE_CURVE('',#1432,#1433,#690,.T.);
#1800=EDGE_CURVE('',#1431,#1433,#691,.T.);
#1801=EDGE_CURVE('',#1426,#1432,#692,.T.);
#1802=EDGE_CURVE('',#1433,#1427,#693,.T.);
#1803=EDGE_CURVE('',#1434,#1295,#694,.T.);
#1804=EDGE_CURVE('',#1435,#1294,#695,.T.);
#1805=EDGE_CURVE('',#1434,#1435,#696,.T.);
#1806=EDGE_CURVE('',#1436,#1437,#697,.T.);
#1807=EDGE_CURVE('',#1437,#1438,#698,.T.);
#1808=EDGE_CURVE('',#1438,#1439,#699,.T.);
#1809=EDGE_CURVE('',#1439,#1440,#700,.T.);
#1810=EDGE_CURVE('',#1440,#1441,#701,.T.);
#1811=EDGE_CURVE('',#1441,#1442,#702,.T.);
#1812=EDGE_CURVE('',#1442,#1443,#64,.T.);
#1813=EDGE_CURVE('',#1443,#1444,#703,.T.);
#1814=EDGE_CURVE('',#1444,#1445,#65,.T.);
#1815=EDGE_CURVE('',#1445,#1436,#704,.T.);
#1816=EDGE_CURVE('',#1446,#1410,#66,.T.);
#1817=EDGE_CURVE('',#1409,#1447,#705,.T.);
#1818=EDGE_CURVE('',#1289,#1447,#706,.T.);
#1819=EDGE_CURVE('',#1413,#1448,#707,.T.);
#1820=EDGE_CURVE('',#1448,#1449,#708,.T.);
#1821=EDGE_CURVE('',#1449,#1450,#709,.T.);
#1822=EDGE_CURVE('',#1450,#1451,#710,.T.);
#1823=EDGE_CURVE('',#1451,#1452,#711,.T.);
#1824=EDGE_CURVE('',#1452,#1453,#712,.T.);
#1825=EDGE_CURVE('',#1453,#1454,#67,.T.);
#1826=EDGE_CURVE('',#1454,#1446,#713,.T.);
#1827=EDGE_CURVE('',#1441,#1455,#714,.T.);
#1828=EDGE_CURVE('',#1455,#1456,#715,.T.);
#1829=EDGE_CURVE('',#1442,#1456,#716,.T.);
#1830=EDGE_CURVE('',#1445,#1453,#717,.T.);
#1831=EDGE_CURVE('',#1436,#1452,#718,.T.);
#1832=EDGE_CURVE('',#1444,#1454,#719,.T.);
#1833=EDGE_CURVE('',#1443,#1446,#720,.T.);
#1834=EDGE_CURVE('',#1456,#1411,#68,.T.);
#1835=EDGE_CURVE('',#1412,#1455,#721,.T.);
#1836=EDGE_CURVE('',#1437,#1451,#722,.T.);
#1837=EDGE_CURVE('',#1440,#1448,#723,.T.);
#1838=EDGE_CURVE('',#1439,#1449,#724,.T.);
#1839=EDGE_CURVE('',#1438,#1450,#725,.T.);
#1840=EDGE_CURVE('',#1457,#1458,#726,.T.);
#1841=EDGE_CURVE('',#1457,#1459,#727,.T.);
#1842=EDGE_CURVE('',#1460,#1459,#728,.T.);
#1843=EDGE_CURVE('',#1458,#1460,#729,.T.);
#1844=EDGE_CURVE('',#1458,#1461,#730,.T.);
#1845=EDGE_CURVE('',#1462,#1460,#731,.T.);
#1846=EDGE_CURVE('',#1461,#1462,#732,.T.);
#1847=EDGE_CURVE('',#1463,#1457,#733,.T.);
#1848=EDGE_CURVE('',#1463,#1464,#734,.T.);
#1849=EDGE_CURVE('',#1459,#1464,#735,.T.);
#1850=EDGE_CURVE('',#1465,#1463,#736,.T.);
#1851=EDGE_CURVE('',#1465,#1466,#737,.T.);
#1852=EDGE_CURVE('',#1464,#1466,#738,.T.);
#1853=EDGE_CURVE('',#1467,#1465,#739,.T.);
#1854=EDGE_CURVE('',#1467,#1468,#740,.T.);
#1855=EDGE_CURVE('',#1468,#1401,#741,.T.);
#1856=EDGE_CURVE('',#1466,#1400,#742,.T.);
#1857=EDGE_CURVE('',#1469,#1468,#743,.T.);
#1858=EDGE_CURVE('',#1402,#1469,#69,.T.);
#1859=EDGE_CURVE('',#1461,#1470,#744,.T.);
#1860=EDGE_CURVE('',#1471,#1462,#745,.T.);
#1861=EDGE_CURVE('',#1470,#1471,#746,.T.);
#1862=EDGE_CURVE('',#1472,#1467,#747,.T.);
#1863=EDGE_CURVE('',#1472,#1469,#748,.T.);
#1864=EDGE_CURVE('',#1473,#1472,#70,.T.);
#1865=EDGE_CURVE('',#1473,#1474,#749,.T.);
#1866=EDGE_CURVE('',#1403,#1474,#71,.T.);
#1867=EDGE_CURVE('',#1475,#1473,#750,.T.);
#1868=EDGE_CURVE('',#1475,#1476,#751,.T.);
#1869=EDGE_CURVE('',#1474,#1476,#752,.T.);
#1870=EDGE_CURVE('',#1470,#1475,#72,.T.);
#1871=EDGE_CURVE('',#1476,#1471,#73,.T.);
#1872=EDGE_CURVE('',#1292,#1477,#753,.T.);
#1873=EDGE_CURVE('',#1477,#1478,#754,.T.);
#1874=EDGE_CURVE('',#1293,#1478,#755,.T.);
#1875=EDGE_CURVE('',#1405,#1479,#756,.T.);
#1876=EDGE_CURVE('',#1480,#1479,#757,.T.);
#1877=EDGE_CURVE('',#1406,#1480,#758,.T.);
#1878=EDGE_CURVE('',#1404,#1481,#759,.T.);
#1879=EDGE_CURVE('',#1479,#1481,#760,.T.);
#1880=EDGE_CURVE('',#1481,#1290,#761,.T.);
#1881=EDGE_CURVE('',#1482,#1480,#762,.T.);
#1882=EDGE_CURVE('',#1407,#1482,#763,.T.);
#1883=EDGE_CURVE('',#1483,#1482,#764,.T.);
#1884=EDGE_CURVE('',#1408,#1483,#765,.T.);
#1885=EDGE_CURVE('',#1447,#1483,#766,.T.);
#1886=EDGE_CURVE('',#1434,#1484,#767,.T.);
#1887=EDGE_CURVE('',#1485,#1435,#768,.T.);
#1888=EDGE_CURVE('',#1484,#1485,#769,.T.);
#1889=EDGE_CURVE('',#1484,#1486,#770,.T.);
#1890=EDGE_CURVE('',#1487,#1485,#771,.T.);
#1891=EDGE_CURVE('',#1486,#1487,#772,.T.);
#1892=EDGE_CURVE('',#1486,#1488,#773,.T.);
#1893=EDGE_CURVE('',#1489,#1487,#774,.T.);
#1894=EDGE_CURVE('',#1488,#1489,#775,.T.);
#1895=EDGE_CURVE('',#1490,#1488,#776,.T.);
#1896=EDGE_CURVE('',#1491,#1489,#777,.T.);
#1897=EDGE_CURVE('',#1490,#1491,#778,.T.);
#1898=EDGE_CURVE('',#1477,#1490,#779,.T.);
#1899=EDGE_CURVE('',#1478,#1491,#780,.T.);
#1900=EDGE_CURVE('',#1492,#1492,#74,.T.);
#1901=EDGE_CURVE('',#1493,#1493,#75,.T.);
#1902=EDGE_CURVE('',#1492,#1493,#781,.T.);
#1903=EDGE_CURVE('',#1494,#1494,#76,.T.);
#1904=EDGE_CURVE('',#1494,#1495,#782,.T.);
#1905=EDGE_CURVE('',#1495,#1495,#77,.T.);
#1906=EDGE_CURVE('',#1496,#1496,#78,.T.);
#1907=EDGE_CURVE('',#1497,#1497,#79,.T.);
#1908=EDGE_CURVE('',#1496,#1497,#783,.T.);
#1909=EDGE_CURVE('',#1498,#1498,#80,.T.);
#1910=EDGE_CURVE('',#1499,#1499,#81,.T.);
#1911=EDGE_CURVE('',#1498,#1499,#784,.T.);
#1912=EDGE_CURVE('',#1500,#1500,#82,.T.);
#1913=EDGE_CURVE('',#1500,#1501,#785,.T.);
#1914=EDGE_CURVE('',#1501,#1501,#83,.T.);
#1915=EDGE_CURVE('',#1502,#1502,#84,.T.);
#1916=EDGE_CURVE('',#1503,#1503,#85,.T.);
#1917=EDGE_CURVE('',#1502,#1503,#786,.T.);
#1918=EDGE_CURVE('',#1504,#1504,#86,.T.);
#1919=EDGE_CURVE('',#1505,#1505,#87,.T.);
#1920=EDGE_CURVE('',#1505,#1504,#787,.T.);
#1921=EDGE_CURVE('',#1506,#1506,#88,.T.);
#1922=EDGE_CURVE('',#1506,#1507,#788,.T.);
#1923=EDGE_CURVE('',#1507,#1507,#89,.T.);
#1924=EDGE_CURVE('',#1508,#1508,#90,.T.);
#1925=EDGE_CURVE('',#1509,#1509,#91,.T.);
#1926=EDGE_CURVE('',#1509,#1508,#789,.T.);
#1927=EDGE_CURVE('',#1510,#1511,#790,.T.);
#1928=EDGE_CURVE('',#1511,#1512,#791,.T.);
#1929=EDGE_CURVE('',#1513,#1512,#792,.T.);
#1930=EDGE_CURVE('',#1510,#1513,#793,.T.);
#1931=EDGE_CURVE('',#1514,#1510,#794,.T.);
#1932=EDGE_CURVE('',#1515,#1513,#795,.T.);
#1933=EDGE_CURVE('',#1514,#1515,#796,.T.);
#1934=EDGE_CURVE('',#1516,#1514,#797,.T.);
#1935=EDGE_CURVE('',#1517,#1515,#798,.T.);
#1936=EDGE_CURVE('',#1516,#1517,#799,.T.);
#1937=EDGE_CURVE('',#1518,#1516,#800,.T.);
#1938=EDGE_CURVE('',#1519,#1517,#801,.T.);
#1939=EDGE_CURVE('',#1518,#1519,#802,.T.);
#1940=EDGE_CURVE('',#1520,#1518,#803,.T.);
#1941=EDGE_CURVE('',#1521,#1519,#804,.T.);
#1942=EDGE_CURVE('',#1520,#1521,#805,.T.);
#1943=EDGE_CURVE('',#1522,#1523,#806,.T.);
#1944=EDGE_CURVE('',#1522,#1524,#807,.F.);
#1945=EDGE_CURVE('',#1524,#1525,#808,.T.);
#1946=EDGE_CURVE('',#1523,#1525,#809,.T.);
#1947=EDGE_CURVE('',#1526,#1522,#810,.T.);
#1948=EDGE_CURVE('',#1526,#1527,#811,.F.);
#1949=EDGE_CURVE('',#1527,#1524,#812,.T.);
#1950=EDGE_CURVE('',#1528,#1526,#813,.T.);
#1951=EDGE_CURVE('',#1528,#1529,#814,.F.);
#1952=EDGE_CURVE('',#1529,#1527,#815,.T.);
#1953=EDGE_CURVE('',#1530,#1528,#816,.T.);
#1954=EDGE_CURVE('',#1530,#1531,#817,.F.);
#1955=EDGE_CURVE('',#1531,#1529,#818,.T.);
#1956=EDGE_CURVE('',#1532,#1530,#819,.T.);
#1957=EDGE_CURVE('',#1532,#1533,#820,.T.);
#1958=EDGE_CURVE('',#1533,#1531,#821,.T.);
#1959=EDGE_CURVE('',#1523,#1511,#822,.T.);
#1960=EDGE_CURVE('',#1532,#1520,#823,.T.);
#1961=EDGE_CURVE('',#1525,#1512,#824,.T.);
#1962=EDGE_CURVE('',#1533,#1521,#825,.T.);
#1963=EDGE_CURVE('',#1534,#1535,#826,.T.);
#1964=EDGE_CURVE('',#1534,#1536,#827,.T.);
#1965=EDGE_CURVE('',#1537,#1536,#828,.T.);
#1966=EDGE_CURVE('',#1535,#1537,#829,.T.);
#1967=EDGE_CURVE('',#1535,#1538,#830,.T.);
#1968=EDGE_CURVE('',#1539,#1537,#831,.T.);
#1969=EDGE_CURVE('',#1538,#1539,#832,.T.);
#1970=EDGE_CURVE('',#1538,#1540,#833,.T.);
#1971=EDGE_CURVE('',#1541,#1539,#834,.T.);
#1972=EDGE_CURVE('',#1540,#1541,#835,.T.);
#1973=EDGE_CURVE('',#1540,#1542,#836,.T.);
#1974=EDGE_CURVE('',#1543,#1541,#837,.T.);
#1975=EDGE_CURVE('',#1542,#1543,#838,.T.);
#1976=EDGE_CURVE('',#1544,#1534,#839,.T.);
#1977=EDGE_CURVE('',#1544,#1545,#840,.T.);
#1978=EDGE_CURVE('',#1536,#1545,#841,.T.);
#1979=EDGE_CURVE('',#1546,#1547,#842,.T.);
#1980=EDGE_CURVE('',#1547,#1548,#843,.F.);
#1981=EDGE_CURVE('',#1548,#1549,#844,.T.);
#1982=EDGE_CURVE('',#1546,#1549,#845,.T.);
#1983=EDGE_CURVE('',#1547,#1550,#846,.T.);
#1984=EDGE_CURVE('',#1550,#1551,#847,.F.);
#1985=EDGE_CURVE('',#1551,#1548,#848,.T.);
#1986=EDGE_CURVE('',#1550,#1552,#849,.T.);
#1987=EDGE_CURVE('',#1552,#1553,#850,.F.);
#1988=EDGE_CURVE('',#1553,#1551,#851,.T.);
#1989=EDGE_CURVE('',#1552,#1554,#852,.T.);
#1990=EDGE_CURVE('',#1554,#1555,#853,.T.);
#1991=EDGE_CURVE('',#1555,#1553,#854,.T.);
#1992=EDGE_CURVE('',#1556,#1546,#855,.T.);
#1993=EDGE_CURVE('',#1549,#1557,#856,.T.);
#1994=EDGE_CURVE('',#1556,#1557,#857,.T.);
#1995=EDGE_CURVE('',#1556,#1544,#858,.T.);
#1996=EDGE_CURVE('',#1554,#1542,#859,.T.);
#1997=EDGE_CURVE('',#1555,#1543,#860,.T.);
#1998=EDGE_CURVE('',#1557,#1545,#861,.T.);
#1999=ORIENTED_EDGE('',*,*,#1558,.F.);
#2000=ORIENTED_EDGE('',*,*,#1559,.F.);
#2001=ORIENTED_EDGE('',*,*,#1560,.F.);
#2002=ORIENTED_EDGE('',*,*,#1561,.F.);
#2003=ORIENTED_EDGE('',*,*,#1561,.T.);
#2004=ORIENTED_EDGE('',*,*,#1562,.T.);
#2005=ORIENTED_EDGE('',*,*,#1563,.F.);
#2006=ORIENTED_EDGE('',*,*,#1564,.F.);
#2007=ORIENTED_EDGE('',*,*,#1565,.F.);
#2008=ORIENTED_EDGE('',*,*,#1566,.T.);
#2009=ORIENTED_EDGE('',*,*,#1567,.F.);
#2010=ORIENTED_EDGE('',*,*,#1568,.F.);
#2011=ORIENTED_EDGE('',*,*,#1569,.F.);
#2012=ORIENTED_EDGE('',*,*,#1570,.F.);
#2013=ORIENTED_EDGE('',*,*,#1571,.F.);
#2014=ORIENTED_EDGE('',*,*,#1572,.T.);
#2015=ORIENTED_EDGE('',*,*,#1573,.F.);
#2016=ORIENTED_EDGE('',*,*,#1574,.F.);
#2017=ORIENTED_EDGE('',*,*,#1568,.T.);
#2018=ORIENTED_EDGE('',*,*,#1575,.F.);
#2019=ORIENTED_EDGE('',*,*,#1576,.F.);
#2020=ORIENTED_EDGE('',*,*,#1563,.T.);
#2021=ORIENTED_EDGE('',*,*,#1577,.T.);
#2022=ORIENTED_EDGE('',*,*,#1578,.T.);
#2023=ORIENTED_EDGE('',*,*,#1579,.F.);
#2024=ORIENTED_EDGE('',*,*,#1580,.T.);
#2025=ORIENTED_EDGE('',*,*,#1581,.T.);
#2026=ORIENTED_EDGE('',*,*,#1570,.T.);
#2027=ORIENTED_EDGE('',*,*,#1582,.F.);
#2028=ORIENTED_EDGE('',*,*,#1583,.T.);
#2029=ORIENTED_EDGE('',*,*,#1584,.T.);
#2030=ORIENTED_EDGE('',*,*,#1580,.F.);
#2031=ORIENTED_EDGE('',*,*,#1560,.T.);
#2032=ORIENTED_EDGE('',*,*,#1585,.T.);
#2033=ORIENTED_EDGE('',*,*,#1577,.F.);
#2034=ORIENTED_EDGE('',*,*,#1562,.F.);
#2035=ORIENTED_EDGE('',*,*,#1586,.F.);
#2036=ORIENTED_EDGE('',*,*,#1587,.F.);
#2037=ORIENTED_EDGE('',*,*,#1566,.F.);
#2038=ORIENTED_EDGE('',*,*,#1588,.F.);
#2039=ORIENTED_EDGE('',*,*,#1589,.T.);
#2040=ORIENTED_EDGE('',*,*,#1571,.T.);
#2041=ORIENTED_EDGE('',*,*,#1581,.F.);
#2042=ORIENTED_EDGE('',*,*,#1584,.F.);
#2043=ORIENTED_EDGE('',*,*,#1590,.F.);
#2044=ORIENTED_EDGE('',*,*,#1575,.T.);
#2045=ORIENTED_EDGE('',*,*,#1567,.T.);
#2046=ORIENTED_EDGE('',*,*,#1587,.T.);
#2047=ORIENTED_EDGE('',*,*,#1573,.T.);
#2048=ORIENTED_EDGE('',*,*,#1590,.T.);
#2049=ORIENTED_EDGE('',*,*,#1586,.T.);
#2050=ORIENTED_EDGE('',*,*,#1591,.T.);
#2051=ORIENTED_EDGE('',*,*,#1592,.T.);
#2052=ORIENTED_EDGE('',*,*,#1593,.F.);
#2053=ORIENTED_EDGE('',*,*,#1594,.F.);
#2054=ORIENTED_EDGE('',*,*,#1595,.T.);
#2055=ORIENTED_EDGE('',*,*,#1564,.T.);
#2056=ORIENTED_EDGE('',*,*,#1576,.T.);
#2057=ORIENTED_EDGE('',*,*,#1569,.T.);
#2058=ORIENTED_EDGE('',*,*,#1596,.T.);
#2059=ORIENTED_EDGE('',*,*,#1597,.T.);
#2060=ORIENTED_EDGE('',*,*,#1598,.F.);
#2061=ORIENTED_EDGE('',*,*,#1599,.F.);
#2062=ORIENTED_EDGE('',*,*,#1600,.T.);
#2063=ORIENTED_EDGE('',*,*,#1582,.T.);
#2064=ORIENTED_EDGE('',*,*,#1579,.T.);
#2065=ORIENTED_EDGE('',*,*,#1601,.T.);
#2066=ORIENTED_EDGE('',*,*,#1558,.T.);
#2067=ORIENTED_EDGE('',*,*,#1559,.T.);
#2068=ORIENTED_EDGE('',*,*,#1601,.F.);
#2069=ORIENTED_EDGE('',*,*,#1578,.F.);
#2070=ORIENTED_EDGE('',*,*,#1585,.F.);
#2071=ORIENTED_EDGE('',*,*,#1602,.F.);
#2072=ORIENTED_EDGE('',*,*,#1603,.F.);
#2073=ORIENTED_EDGE('',*,*,#1604,.F.);
#2074=ORIENTED_EDGE('',*,*,#1605,.T.);
#2075=ORIENTED_EDGE('',*,*,#1606,.F.);
#2076=ORIENTED_EDGE('',*,*,#1605,.F.);
#2077=ORIENTED_EDGE('',*,*,#1607,.F.);
#2078=ORIENTED_EDGE('',*,*,#1608,.T.);
#2079=ORIENTED_EDGE('',*,*,#1609,.F.);
#2080=ORIENTED_EDGE('',*,*,#1608,.F.);
#2081=ORIENTED_EDGE('',*,*,#1610,.F.);
#2082=ORIENTED_EDGE('',*,*,#1611,.T.);
#2083=ORIENTED_EDGE('',*,*,#1612,.F.);
#2084=ORIENTED_EDGE('',*,*,#1611,.F.);
#2085=ORIENTED_EDGE('',*,*,#1613,.F.);
#2086=ORIENTED_EDGE('',*,*,#1614,.T.);
#2087=ORIENTED_EDGE('',*,*,#1615,.F.);
#2088=ORIENTED_EDGE('',*,*,#1614,.F.);
#2089=ORIENTED_EDGE('',*,*,#1616,.F.);
#2090=ORIENTED_EDGE('',*,*,#1617,.T.);
#2091=ORIENTED_EDGE('',*,*,#1618,.F.);
#2092=ORIENTED_EDGE('',*,*,#1617,.F.);
#2093=ORIENTED_EDGE('',*,*,#1619,.F.);
#2094=ORIENTED_EDGE('',*,*,#1620,.T.);
#2095=ORIENTED_EDGE('',*,*,#1621,.F.);
#2096=ORIENTED_EDGE('',*,*,#1620,.F.);
#2097=ORIENTED_EDGE('',*,*,#1622,.F.);
#2098=ORIENTED_EDGE('',*,*,#1623,.T.);
#2099=ORIENTED_EDGE('',*,*,#1624,.F.);
#2100=ORIENTED_EDGE('',*,*,#1623,.F.);
#2101=ORIENTED_EDGE('',*,*,#1625,.F.);
#2102=ORIENTED_EDGE('',*,*,#1626,.T.);
#2103=ORIENTED_EDGE('',*,*,#1627,.F.);
#2104=ORIENTED_EDGE('',*,*,#1626,.F.);
#2105=ORIENTED_EDGE('',*,*,#1628,.F.);
#2106=ORIENTED_EDGE('',*,*,#1629,.T.);
#2107=ORIENTED_EDGE('',*,*,#1630,.F.);
#2108=ORIENTED_EDGE('',*,*,#1629,.F.);
#2109=ORIENTED_EDGE('',*,*,#1631,.F.);
#2110=ORIENTED_EDGE('',*,*,#1632,.T.);
#2111=ORIENTED_EDGE('',*,*,#1633,.F.);
#2112=ORIENTED_EDGE('',*,*,#1632,.F.);
#2113=ORIENTED_EDGE('',*,*,#1634,.F.);
#2114=ORIENTED_EDGE('',*,*,#1635,.T.);
#2115=ORIENTED_EDGE('',*,*,#1636,.F.);
#2116=ORIENTED_EDGE('',*,*,#1635,.F.);
#2117=ORIENTED_EDGE('',*,*,#1637,.F.);
#2118=ORIENTED_EDGE('',*,*,#1638,.T.);
#2119=ORIENTED_EDGE('',*,*,#1639,.F.);
#2120=ORIENTED_EDGE('',*,*,#1638,.F.);
#2121=ORIENTED_EDGE('',*,*,#1640,.F.);
#2122=ORIENTED_EDGE('',*,*,#1641,.T.);
#2123=ORIENTED_EDGE('',*,*,#1642,.F.);
#2124=ORIENTED_EDGE('',*,*,#1641,.F.);
#2125=ORIENTED_EDGE('',*,*,#1643,.F.);
#2126=ORIENTED_EDGE('',*,*,#1644,.T.);
#2127=ORIENTED_EDGE('',*,*,#1645,.F.);
#2128=ORIENTED_EDGE('',*,*,#1644,.F.);
#2129=ORIENTED_EDGE('',*,*,#1646,.F.);
#2130=ORIENTED_EDGE('',*,*,#1647,.T.);
#2131=ORIENTED_EDGE('',*,*,#1648,.F.);
#2132=ORIENTED_EDGE('',*,*,#1647,.F.);
#2133=ORIENTED_EDGE('',*,*,#1649,.F.);
#2134=ORIENTED_EDGE('',*,*,#1650,.T.);
#2135=ORIENTED_EDGE('',*,*,#1651,.F.);
#2136=ORIENTED_EDGE('',*,*,#1650,.F.);
#2137=ORIENTED_EDGE('',*,*,#1652,.F.);
#2138=ORIENTED_EDGE('',*,*,#1653,.T.);
#2139=ORIENTED_EDGE('',*,*,#1654,.F.);
#2140=ORIENTED_EDGE('',*,*,#1653,.F.);
#2141=ORIENTED_EDGE('',*,*,#1655,.F.);
#2142=ORIENTED_EDGE('',*,*,#1656,.T.);
#2143=ORIENTED_EDGE('',*,*,#1657,.F.);
#2144=ORIENTED_EDGE('',*,*,#1656,.F.);
#2145=ORIENTED_EDGE('',*,*,#1658,.F.);
#2146=ORIENTED_EDGE('',*,*,#1659,.T.);
#2147=ORIENTED_EDGE('',*,*,#1660,.F.);
#2148=ORIENTED_EDGE('',*,*,#1659,.F.);
#2149=ORIENTED_EDGE('',*,*,#1661,.F.);
#2150=ORIENTED_EDGE('',*,*,#1662,.T.);
#2151=ORIENTED_EDGE('',*,*,#1663,.F.);
#2152=ORIENTED_EDGE('',*,*,#1662,.F.);
#2153=ORIENTED_EDGE('',*,*,#1664,.F.);
#2154=ORIENTED_EDGE('',*,*,#1665,.T.);
#2155=ORIENTED_EDGE('',*,*,#1666,.F.);
#2156=ORIENTED_EDGE('',*,*,#1665,.F.);
#2157=ORIENTED_EDGE('',*,*,#1667,.F.);
#2158=ORIENTED_EDGE('',*,*,#1668,.T.);
#2159=ORIENTED_EDGE('',*,*,#1669,.F.);
#2160=ORIENTED_EDGE('',*,*,#1668,.F.);
#2161=ORIENTED_EDGE('',*,*,#1670,.F.);
#2162=ORIENTED_EDGE('',*,*,#1671,.T.);
#2163=ORIENTED_EDGE('',*,*,#1672,.F.);
#2164=ORIENTED_EDGE('',*,*,#1671,.F.);
#2165=ORIENTED_EDGE('',*,*,#1673,.F.);
#2166=ORIENTED_EDGE('',*,*,#1674,.T.);
#2167=ORIENTED_EDGE('',*,*,#1675,.F.);
#2168=ORIENTED_EDGE('',*,*,#1674,.F.);
#2169=ORIENTED_EDGE('',*,*,#1676,.F.);
#2170=ORIENTED_EDGE('',*,*,#1677,.T.);
#2171=ORIENTED_EDGE('',*,*,#1678,.F.);
#2172=ORIENTED_EDGE('',*,*,#1677,.F.);
#2173=ORIENTED_EDGE('',*,*,#1679,.F.);
#2174=ORIENTED_EDGE('',*,*,#1680,.T.);
#2175=ORIENTED_EDGE('',*,*,#1681,.F.);
#2176=ORIENTED_EDGE('',*,*,#1680,.F.);
#2177=ORIENTED_EDGE('',*,*,#1682,.F.);
#2178=ORIENTED_EDGE('',*,*,#1683,.T.);
#2179=ORIENTED_EDGE('',*,*,#1684,.F.);
#2180=ORIENTED_EDGE('',*,*,#1683,.F.);
#2181=ORIENTED_EDGE('',*,*,#1685,.F.);
#2182=ORIENTED_EDGE('',*,*,#1686,.T.);
#2183=ORIENTED_EDGE('',*,*,#1687,.F.);
#2184=ORIENTED_EDGE('',*,*,#1686,.F.);
#2185=ORIENTED_EDGE('',*,*,#1688,.F.);
#2186=ORIENTED_EDGE('',*,*,#1689,.T.);
#2187=ORIENTED_EDGE('',*,*,#1690,.F.);
#2188=ORIENTED_EDGE('',*,*,#1689,.F.);
#2189=ORIENTED_EDGE('',*,*,#1691,.F.);
#2190=ORIENTED_EDGE('',*,*,#1692,.T.);
#2191=ORIENTED_EDGE('',*,*,#1693,.F.);
#2192=ORIENTED_EDGE('',*,*,#1692,.F.);
#2193=ORIENTED_EDGE('',*,*,#1694,.F.);
#2194=ORIENTED_EDGE('',*,*,#1695,.T.);
#2195=ORIENTED_EDGE('',*,*,#1696,.F.);
#2196=ORIENTED_EDGE('',*,*,#1695,.F.);
#2197=ORIENTED_EDGE('',*,*,#1697,.F.);
#2198=ORIENTED_EDGE('',*,*,#1698,.T.);
#2199=ORIENTED_EDGE('',*,*,#1699,.F.);
#2200=ORIENTED_EDGE('',*,*,#1698,.F.);
#2201=ORIENTED_EDGE('',*,*,#1700,.F.);
#2202=ORIENTED_EDGE('',*,*,#1603,.T.);
#2203=ORIENTED_EDGE('',*,*,#1701,.F.);
#2204=ORIENTED_EDGE('',*,*,#1702,.T.);
#2205=ORIENTED_EDGE('',*,*,#1703,.F.);
#2206=ORIENTED_EDGE('',*,*,#1702,.F.);
#2207=ORIENTED_EDGE('',*,*,#1704,.F.);
#2208=ORIENTED_EDGE('',*,*,#1705,.F.);
#2209=ORIENTED_EDGE('',*,*,#1706,.F.);
#2210=ORIENTED_EDGE('',*,*,#1707,.T.);
#2211=ORIENTED_EDGE('',*,*,#1708,.F.);
#2212=ORIENTED_EDGE('',*,*,#1707,.F.);
#2213=ORIENTED_EDGE('',*,*,#1709,.F.);
#2214=ORIENTED_EDGE('',*,*,#1710,.T.);
#2215=ORIENTED_EDGE('',*,*,#1711,.F.);
#2216=ORIENTED_EDGE('',*,*,#1710,.F.);
#2217=ORIENTED_EDGE('',*,*,#1712,.F.);
#2218=ORIENTED_EDGE('',*,*,#1713,.T.);
#2219=ORIENTED_EDGE('',*,*,#1714,.F.);
#2220=ORIENTED_EDGE('',*,*,#1713,.F.);
#2221=ORIENTED_EDGE('',*,*,#1715,.F.);
#2222=ORIENTED_EDGE('',*,*,#1716,.T.);
#2223=ORIENTED_EDGE('',*,*,#1717,.F.);
#2224=ORIENTED_EDGE('',*,*,#1716,.F.);
#2225=ORIENTED_EDGE('',*,*,#1718,.F.);
#2226=ORIENTED_EDGE('',*,*,#1719,.T.);
#2227=ORIENTED_EDGE('',*,*,#1720,.F.);
#2228=ORIENTED_EDGE('',*,*,#1719,.F.);
#2229=ORIENTED_EDGE('',*,*,#1721,.F.);
#2230=ORIENTED_EDGE('',*,*,#1705,.T.);
#2231=ORIENTED_EDGE('',*,*,#1722,.F.);
#2232=ORIENTED_EDGE('',*,*,#1723,.T.);
#2233=ORIENTED_EDGE('',*,*,#1724,.F.);
#2234=ORIENTED_EDGE('',*,*,#1725,.F.);
#2235=ORIENTED_EDGE('',*,*,#1726,.F.);
#2236=ORIENTED_EDGE('',*,*,#1725,.T.);
#2237=ORIENTED_EDGE('',*,*,#1727,.F.);
#2238=ORIENTED_EDGE('',*,*,#1728,.F.);
#2239=ORIENTED_EDGE('',*,*,#1729,.F.);
#2240=ORIENTED_EDGE('',*,*,#1730,.T.);
#2241=ORIENTED_EDGE('',*,*,#1731,.F.);
#2242=ORIENTED_EDGE('',*,*,#1723,.F.);
#2243=ORIENTED_EDGE('',*,*,#1732,.F.);
#2244=ORIENTED_EDGE('',*,*,#1733,.T.);
#2245=ORIENTED_EDGE('',*,*,#1734,.F.);
#2246=ORIENTED_EDGE('',*,*,#1730,.F.);
#2247=ORIENTED_EDGE('',*,*,#1735,.F.);
#2248=ORIENTED_EDGE('',*,*,#1736,.T.);
#2249=ORIENTED_EDGE('',*,*,#1737,.T.);
#2250=ORIENTED_EDGE('',*,*,#1738,.F.);
#2251=ORIENTED_EDGE('',*,*,#1739,.F.);
#2252=ORIENTED_EDGE('',*,*,#1733,.F.);
#2253=ORIENTED_EDGE('',*,*,#1740,.F.);
#2254=ORIENTED_EDGE('',*,*,#1737,.F.);
#2255=ORIENTED_EDGE('',*,*,#1741,.F.);
#2256=ORIENTED_EDGE('',*,*,#1742,.F.);
#2257=ORIENTED_EDGE('',*,*,#1743,.F.);
#2258=ORIENTED_EDGE('',*,*,#1728,.T.);
#2259=ORIENTED_EDGE('',*,*,#1744,.F.);
#2260=ORIENTED_EDGE('',*,*,#1745,.F.);
#2261=ORIENTED_EDGE('',*,*,#1746,.F.);
#2262=ORIENTED_EDGE('',*,*,#1747,.T.);
#2263=ORIENTED_EDGE('',*,*,#1741,.T.);
#2264=ORIENTED_EDGE('',*,*,#1736,.F.);
#2265=ORIENTED_EDGE('',*,*,#1748,.F.);
#2266=ORIENTED_EDGE('',*,*,#1749,.T.);
#2267=ORIENTED_EDGE('',*,*,#1750,.F.);
#2268=ORIENTED_EDGE('',*,*,#1751,.F.);
#2269=ORIENTED_EDGE('',*,*,#1742,.T.);
#2270=ORIENTED_EDGE('',*,*,#1747,.F.);
#2271=ORIENTED_EDGE('',*,*,#1752,.F.);
#2272=ORIENTED_EDGE('',*,*,#1753,.T.);
#2273=ORIENTED_EDGE('',*,*,#1754,.F.);
#2274=ORIENTED_EDGE('',*,*,#1749,.F.);
#2275=ORIENTED_EDGE('',*,*,#1755,.F.);
#2276=ORIENTED_EDGE('',*,*,#1745,.T.);
#2277=ORIENTED_EDGE('',*,*,#1756,.F.);
#2278=ORIENTED_EDGE('',*,*,#1753,.F.);
#2279=ORIENTED_EDGE('',*,*,#1574,.T.);
#2280=ORIENTED_EDGE('',*,*,#1595,.F.);
#2281=ORIENTED_EDGE('',*,*,#1757,.F.);
#2282=ORIENTED_EDGE('',*,*,#1738,.T.);
#2283=ORIENTED_EDGE('',*,*,#1740,.T.);
#2284=ORIENTED_EDGE('',*,*,#1751,.T.);
#2285=ORIENTED_EDGE('',*,*,#1758,.F.);
#2286=ORIENTED_EDGE('',*,*,#1759,.T.);
#2287=ORIENTED_EDGE('',*,*,#1760,.T.);
#2288=ORIENTED_EDGE('',*,*,#1761,.T.);
#2289=ORIENTED_EDGE('',*,*,#1762,.F.);
#2290=ORIENTED_EDGE('',*,*,#1763,.F.);
#2291=ORIENTED_EDGE('',*,*,#1764,.F.);
#2292=ORIENTED_EDGE('',*,*,#1765,.F.);
#2293=ORIENTED_EDGE('',*,*,#1766,.F.);
#2294=ORIENTED_EDGE('',*,*,#1767,.F.);
#2295=ORIENTED_EDGE('',*,*,#1768,.F.);
#2296=ORIENTED_EDGE('',*,*,#1769,.T.);
#2297=ORIENTED_EDGE('',*,*,#1770,.T.);
#2298=ORIENTED_EDGE('',*,*,#1771,.T.);
#2299=ORIENTED_EDGE('',*,*,#1772,.F.);
#2300=ORIENTED_EDGE('',*,*,#1591,.F.);
#2301=ORIENTED_EDGE('',*,*,#1588,.T.);
#2302=ORIENTED_EDGE('',*,*,#1565,.T.);
#2303=ORIENTED_EDGE('',*,*,#1773,.F.);
#2304=ORIENTED_EDGE('',*,*,#1774,.T.);
#2305=ORIENTED_EDGE('',*,*,#1775,.F.);
#2306=ORIENTED_EDGE('',*,*,#1776,.F.);
#2307=ORIENTED_EDGE('',*,*,#1777,.F.);
#2308=ORIENTED_EDGE('',*,*,#1776,.T.);
#2309=ORIENTED_EDGE('',*,*,#1778,.F.);
#2310=ORIENTED_EDGE('',*,*,#1779,.F.);
#2311=ORIENTED_EDGE('',*,*,#1780,.F.);
#2312=ORIENTED_EDGE('',*,*,#1779,.T.);
#2313=ORIENTED_EDGE('',*,*,#1781,.F.);
#2314=ORIENTED_EDGE('',*,*,#1782,.F.);
#2315=ORIENTED_EDGE('',*,*,#1783,.F.);
#2316=ORIENTED_EDGE('',*,*,#1782,.T.);
#2317=ORIENTED_EDGE('',*,*,#1784,.F.);
#2318=ORIENTED_EDGE('',*,*,#1785,.F.);
#2319=ORIENTED_EDGE('',*,*,#1786,.F.);
#2320=ORIENTED_EDGE('',*,*,#1785,.T.);
#2321=ORIENTED_EDGE('',*,*,#1787,.F.);
#2322=ORIENTED_EDGE('',*,*,#1788,.F.);
#2323=ORIENTED_EDGE('',*,*,#1789,.F.);
#2324=ORIENTED_EDGE('',*,*,#1788,.T.);
#2325=ORIENTED_EDGE('',*,*,#1790,.F.);
#2326=ORIENTED_EDGE('',*,*,#1791,.F.);
#2327=ORIENTED_EDGE('',*,*,#1792,.F.);
#2328=ORIENTED_EDGE('',*,*,#1793,.T.);
#2329=ORIENTED_EDGE('',*,*,#1794,.F.);
#2330=ORIENTED_EDGE('',*,*,#1774,.F.);
#2331=ORIENTED_EDGE('',*,*,#1795,.F.);
#2332=ORIENTED_EDGE('',*,*,#1796,.T.);
#2333=ORIENTED_EDGE('',*,*,#1797,.F.);
#2334=ORIENTED_EDGE('',*,*,#1793,.F.);
#2335=ORIENTED_EDGE('',*,*,#1798,.F.);
#2336=ORIENTED_EDGE('',*,*,#1799,.T.);
#2337=ORIENTED_EDGE('',*,*,#1800,.F.);
#2338=ORIENTED_EDGE('',*,*,#1796,.F.);
#2339=ORIENTED_EDGE('',*,*,#1801,.F.);
#2340=ORIENTED_EDGE('',*,*,#1791,.T.);
#2341=ORIENTED_EDGE('',*,*,#1802,.F.);
#2342=ORIENTED_EDGE('',*,*,#1799,.F.);
#2343=ORIENTED_EDGE('',*,*,#1803,.T.);
#2344=ORIENTED_EDGE('',*,*,#1599,.T.);
#2345=ORIENTED_EDGE('',*,*,#1804,.F.);
#2346=ORIENTED_EDGE('',*,*,#1805,.F.);
#2347=ORIENTED_EDGE('',*,*,#1806,.T.);
#2348=ORIENTED_EDGE('',*,*,#1807,.T.);
#2349=ORIENTED_EDGE('',*,*,#1808,.T.);
#2350=ORIENTED_EDGE('',*,*,#1809,.T.);
#2351=ORIENTED_EDGE('',*,*,#1810,.T.);
#2352=ORIENTED_EDGE('',*,*,#1811,.T.);
#2353=ORIENTED_EDGE('',*,*,#1812,.T.);
#2354=ORIENTED_EDGE('',*,*,#1813,.T.);
#2355=ORIENTED_EDGE('',*,*,#1814,.T.);
#2356=ORIENTED_EDGE('',*,*,#1815,.T.);
#2357=ORIENTED_EDGE('',*,*,#1789,.T.);
#2358=ORIENTED_EDGE('',*,*,#1801,.T.);
#2359=ORIENTED_EDGE('',*,*,#1798,.T.);
#2360=ORIENTED_EDGE('',*,*,#1795,.T.);
#2361=ORIENTED_EDGE('',*,*,#1792,.T.);
#2362=ORIENTED_EDGE('',*,*,#1773,.T.);
#2363=ORIENTED_EDGE('',*,*,#1777,.T.);
#2364=ORIENTED_EDGE('',*,*,#1780,.T.);
#2365=ORIENTED_EDGE('',*,*,#1783,.T.);
#2366=ORIENTED_EDGE('',*,*,#1786,.T.);
#2367=ORIENTED_EDGE('',*,*,#1816,.T.);
#2368=ORIENTED_EDGE('',*,*,#1768,.T.);
#2369=ORIENTED_EDGE('',*,*,#1817,.T.);
#2370=ORIENTED_EDGE('',*,*,#1818,.F.);
#2371=ORIENTED_EDGE('',*,*,#1592,.F.);
#2372=ORIENTED_EDGE('',*,*,#1772,.T.);
#2373=ORIENTED_EDGE('',*,*,#1819,.T.);
#2374=ORIENTED_EDGE('',*,*,#1820,.T.);
#2375=ORIENTED_EDGE('',*,*,#1821,.T.);
#2376=ORIENTED_EDGE('',*,*,#1822,.T.);
#2377=ORIENTED_EDGE('',*,*,#1823,.T.);
#2378=ORIENTED_EDGE('',*,*,#1824,.T.);
#2379=ORIENTED_EDGE('',*,*,#1825,.T.);
#2380=ORIENTED_EDGE('',*,*,#1826,.T.);
#2381=ORIENTED_EDGE('',*,*,#1790,.T.);
#2382=ORIENTED_EDGE('',*,*,#1787,.T.);
#2383=ORIENTED_EDGE('',*,*,#1784,.T.);
#2384=ORIENTED_EDGE('',*,*,#1781,.T.);
#2385=ORIENTED_EDGE('',*,*,#1778,.T.);
#2386=ORIENTED_EDGE('',*,*,#1775,.T.);
#2387=ORIENTED_EDGE('',*,*,#1794,.T.);
#2388=ORIENTED_EDGE('',*,*,#1797,.T.);
#2389=ORIENTED_EDGE('',*,*,#1800,.T.);
#2390=ORIENTED_EDGE('',*,*,#1802,.T.);
#2391=ORIENTED_EDGE('',*,*,#1811,.F.);
#2392=ORIENTED_EDGE('',*,*,#1827,.T.);
#2393=ORIENTED_EDGE('',*,*,#1828,.T.);
#2394=ORIENTED_EDGE('',*,*,#1829,.F.);
#2395=ORIENTED_EDGE('',*,*,#1815,.F.);
#2396=ORIENTED_EDGE('',*,*,#1830,.T.);
#2397=ORIENTED_EDGE('',*,*,#1824,.F.);
#2398=ORIENTED_EDGE('',*,*,#1831,.F.);
#2399=ORIENTED_EDGE('',*,*,#1814,.F.);
#2400=ORIENTED_EDGE('',*,*,#1832,.T.);
#2401=ORIENTED_EDGE('',*,*,#1825,.F.);
#2402=ORIENTED_EDGE('',*,*,#1830,.F.);
#2403=ORIENTED_EDGE('',*,*,#1813,.F.);
#2404=ORIENTED_EDGE('',*,*,#1833,.T.);
#2405=ORIENTED_EDGE('',*,*,#1826,.F.);
#2406=ORIENTED_EDGE('',*,*,#1832,.F.);
#2407=ORIENTED_EDGE('',*,*,#1812,.F.);
#2408=ORIENTED_EDGE('',*,*,#1829,.T.);
#2409=ORIENTED_EDGE('',*,*,#1834,.T.);
#2410=ORIENTED_EDGE('',*,*,#1769,.F.);
#2411=ORIENTED_EDGE('',*,*,#1816,.F.);
#2412=ORIENTED_EDGE('',*,*,#1833,.F.);
#2413=ORIENTED_EDGE('',*,*,#1770,.F.);
#2414=ORIENTED_EDGE('',*,*,#1834,.F.);
#2415=ORIENTED_EDGE('',*,*,#1828,.F.);
#2416=ORIENTED_EDGE('',*,*,#1835,.F.);
#2417=ORIENTED_EDGE('',*,*,#1806,.F.);
#2418=ORIENTED_EDGE('',*,*,#1831,.T.);
#2419=ORIENTED_EDGE('',*,*,#1823,.F.);
#2420=ORIENTED_EDGE('',*,*,#1836,.F.);
#2421=ORIENTED_EDGE('',*,*,#1810,.F.);
#2422=ORIENTED_EDGE('',*,*,#1837,.T.);
#2423=ORIENTED_EDGE('',*,*,#1819,.F.);
#2424=ORIENTED_EDGE('',*,*,#1771,.F.);
#2425=ORIENTED_EDGE('',*,*,#1835,.T.);
#2426=ORIENTED_EDGE('',*,*,#1827,.F.);
#2427=ORIENTED_EDGE('',*,*,#1809,.F.);
#2428=ORIENTED_EDGE('',*,*,#1838,.T.);
#2429=ORIENTED_EDGE('',*,*,#1820,.F.);
#2430=ORIENTED_EDGE('',*,*,#1837,.F.);
#2431=ORIENTED_EDGE('',*,*,#1808,.F.);
#2432=ORIENTED_EDGE('',*,*,#1839,.T.);
#2433=ORIENTED_EDGE('',*,*,#1821,.F.);
#2434=ORIENTED_EDGE('',*,*,#1838,.F.);
#2435=ORIENTED_EDGE('',*,*,#1807,.F.);
#2436=ORIENTED_EDGE('',*,*,#1836,.T.);
#2437=ORIENTED_EDGE('',*,*,#1822,.F.);
#2438=ORIENTED_EDGE('',*,*,#1839,.F.);
#2439=ORIENTED_EDGE('',*,*,#1840,.F.);
#2440=ORIENTED_EDGE('',*,*,#1841,.T.);
#2441=ORIENTED_EDGE('',*,*,#1842,.F.);
#2442=ORIENTED_EDGE('',*,*,#1843,.F.);
#2443=ORIENTED_EDGE('',*,*,#1844,.F.);
#2444=ORIENTED_EDGE('',*,*,#1843,.T.);
#2445=ORIENTED_EDGE('',*,*,#1845,.F.);
#2446=ORIENTED_EDGE('',*,*,#1846,.F.);
#2447=ORIENTED_EDGE('',*,*,#1847,.F.);
#2448=ORIENTED_EDGE('',*,*,#1848,.T.);
#2449=ORIENTED_EDGE('',*,*,#1849,.F.);
#2450=ORIENTED_EDGE('',*,*,#1841,.F.);
#2451=ORIENTED_EDGE('',*,*,#1850,.F.);
#2452=ORIENTED_EDGE('',*,*,#1851,.T.);
#2453=ORIENTED_EDGE('',*,*,#1852,.F.);
#2454=ORIENTED_EDGE('',*,*,#1848,.F.);
#2455=ORIENTED_EDGE('',*,*,#1853,.F.);
#2456=ORIENTED_EDGE('',*,*,#1854,.T.);
#2457=ORIENTED_EDGE('',*,*,#1855,.T.);
#2458=ORIENTED_EDGE('',*,*,#1759,.F.);
#2459=ORIENTED_EDGE('',*,*,#1856,.F.);
#2460=ORIENTED_EDGE('',*,*,#1851,.F.);
#2461=ORIENTED_EDGE('',*,*,#1760,.F.);
#2462=ORIENTED_EDGE('',*,*,#1855,.F.);
#2463=ORIENTED_EDGE('',*,*,#1857,.F.);
#2464=ORIENTED_EDGE('',*,*,#1858,.F.);
#2465=ORIENTED_EDGE('',*,*,#1859,.F.);
#2466=ORIENTED_EDGE('',*,*,#1846,.T.);
#2467=ORIENTED_EDGE('',*,*,#1860,.F.);
#2468=ORIENTED_EDGE('',*,*,#1861,.F.);
#2469=ORIENTED_EDGE('',*,*,#1862,.F.);
#2470=ORIENTED_EDGE('',*,*,#1863,.T.);
#2471=ORIENTED_EDGE('',*,*,#1857,.T.);
#2472=ORIENTED_EDGE('',*,*,#1854,.F.);
#2473=ORIENTED_EDGE('',*,*,#1864,.F.);
#2474=ORIENTED_EDGE('',*,*,#1865,.T.);
#2475=ORIENTED_EDGE('',*,*,#1866,.F.);
#2476=ORIENTED_EDGE('',*,*,#1761,.F.);
#2477=ORIENTED_EDGE('',*,*,#1858,.T.);
#2478=ORIENTED_EDGE('',*,*,#1863,.F.);
#2479=ORIENTED_EDGE('',*,*,#1867,.F.);
#2480=ORIENTED_EDGE('',*,*,#1868,.T.);
#2481=ORIENTED_EDGE('',*,*,#1869,.F.);
#2482=ORIENTED_EDGE('',*,*,#1865,.F.);
#2483=ORIENTED_EDGE('',*,*,#1870,.F.);
#2484=ORIENTED_EDGE('',*,*,#1861,.T.);
#2485=ORIENTED_EDGE('',*,*,#1871,.F.);
#2486=ORIENTED_EDGE('',*,*,#1868,.F.);
#2487=ORIENTED_EDGE('',*,*,#1872,.T.);
#2488=ORIENTED_EDGE('',*,*,#1873,.T.);
#2489=ORIENTED_EDGE('',*,*,#1874,.F.);
#2490=ORIENTED_EDGE('',*,*,#1597,.F.);
#2491=ORIENTED_EDGE('',*,*,#1743,.T.);
#2492=ORIENTED_EDGE('',*,*,#1755,.T.);
#2493=ORIENTED_EDGE('',*,*,#1752,.T.);
#2494=ORIENTED_EDGE('',*,*,#1748,.T.);
#2495=ORIENTED_EDGE('',*,*,#1746,.T.);
#2496=ORIENTED_EDGE('',*,*,#1735,.T.);
#2497=ORIENTED_EDGE('',*,*,#1732,.T.);
#2498=ORIENTED_EDGE('',*,*,#1729,.T.);
#2499=ORIENTED_EDGE('',*,*,#1722,.T.);
#2500=ORIENTED_EDGE('',*,*,#1726,.T.);
#2501=ORIENTED_EDGE('',*,*,#1859,.T.);
#2502=ORIENTED_EDGE('',*,*,#1870,.T.);
#2503=ORIENTED_EDGE('',*,*,#1867,.T.);
#2504=ORIENTED_EDGE('',*,*,#1864,.T.);
#2505=ORIENTED_EDGE('',*,*,#1862,.T.);
#2506=ORIENTED_EDGE('',*,*,#1853,.T.);
#2507=ORIENTED_EDGE('',*,*,#1850,.T.);
#2508=ORIENTED_EDGE('',*,*,#1847,.T.);
#2509=ORIENTED_EDGE('',*,*,#1840,.T.);
#2510=ORIENTED_EDGE('',*,*,#1844,.T.);
#2511=ORIENTED_EDGE('',*,*,#1764,.T.);
#2512=ORIENTED_EDGE('',*,*,#1875,.T.);
#2513=ORIENTED_EDGE('',*,*,#1876,.F.);
#2514=ORIENTED_EDGE('',*,*,#1877,.F.);
#2515=ORIENTED_EDGE('',*,*,#1763,.T.);
#2516=ORIENTED_EDGE('',*,*,#1878,.T.);
#2517=ORIENTED_EDGE('',*,*,#1879,.F.);
#2518=ORIENTED_EDGE('',*,*,#1875,.F.);
#2519=ORIENTED_EDGE('',*,*,#1739,.T.);
#2520=ORIENTED_EDGE('',*,*,#1757,.T.);
#2521=ORIENTED_EDGE('',*,*,#1594,.T.);
#2522=ORIENTED_EDGE('',*,*,#1880,.F.);
#2523=ORIENTED_EDGE('',*,*,#1878,.F.);
#2524=ORIENTED_EDGE('',*,*,#1762,.T.);
#2525=ORIENTED_EDGE('',*,*,#1866,.T.);
#2526=ORIENTED_EDGE('',*,*,#1869,.T.);
#2527=ORIENTED_EDGE('',*,*,#1871,.T.);
#2528=ORIENTED_EDGE('',*,*,#1860,.T.);
#2529=ORIENTED_EDGE('',*,*,#1845,.T.);
#2530=ORIENTED_EDGE('',*,*,#1842,.T.);
#2531=ORIENTED_EDGE('',*,*,#1849,.T.);
#2532=ORIENTED_EDGE('',*,*,#1852,.T.);
#2533=ORIENTED_EDGE('',*,*,#1856,.T.);
#2534=ORIENTED_EDGE('',*,*,#1758,.T.);
#2535=ORIENTED_EDGE('',*,*,#1750,.T.);
#2536=ORIENTED_EDGE('',*,*,#1754,.T.);
#2537=ORIENTED_EDGE('',*,*,#1756,.T.);
#2538=ORIENTED_EDGE('',*,*,#1744,.T.);
#2539=ORIENTED_EDGE('',*,*,#1727,.T.);
#2540=ORIENTED_EDGE('',*,*,#1724,.T.);
#2541=ORIENTED_EDGE('',*,*,#1731,.T.);
#2542=ORIENTED_EDGE('',*,*,#1734,.T.);
#2543=ORIENTED_EDGE('',*,*,#1765,.T.);
#2544=ORIENTED_EDGE('',*,*,#1877,.T.);
#2545=ORIENTED_EDGE('',*,*,#1881,.F.);
#2546=ORIENTED_EDGE('',*,*,#1882,.F.);
#2547=ORIENTED_EDGE('',*,*,#1651,.T.);
#2548=ORIENTED_EDGE('',*,*,#1654,.T.);
#2549=ORIENTED_EDGE('',*,*,#1657,.T.);
#2550=ORIENTED_EDGE('',*,*,#1660,.T.);
#2551=ORIENTED_EDGE('',*,*,#1663,.T.);
#2552=ORIENTED_EDGE('',*,*,#1666,.T.);
#2553=ORIENTED_EDGE('',*,*,#1669,.T.);
#2554=ORIENTED_EDGE('',*,*,#1672,.T.);
#2555=ORIENTED_EDGE('',*,*,#1675,.T.);
#2556=ORIENTED_EDGE('',*,*,#1678,.T.);
#2557=ORIENTED_EDGE('',*,*,#1681,.T.);
#2558=ORIENTED_EDGE('',*,*,#1684,.T.);
#2559=ORIENTED_EDGE('',*,*,#1687,.T.);
#2560=ORIENTED_EDGE('',*,*,#1690,.T.);
#2561=ORIENTED_EDGE('',*,*,#1693,.T.);
#2562=ORIENTED_EDGE('',*,*,#1696,.T.);
#2563=ORIENTED_EDGE('',*,*,#1699,.T.);
#2564=ORIENTED_EDGE('',*,*,#1602,.T.);
#2565=ORIENTED_EDGE('',*,*,#1606,.T.);
#2566=ORIENTED_EDGE('',*,*,#1609,.T.);
#2567=ORIENTED_EDGE('',*,*,#1612,.T.);
#2568=ORIENTED_EDGE('',*,*,#1615,.T.);
#2569=ORIENTED_EDGE('',*,*,#1618,.T.);
#2570=ORIENTED_EDGE('',*,*,#1621,.T.);
#2571=ORIENTED_EDGE('',*,*,#1624,.T.);
#2572=ORIENTED_EDGE('',*,*,#1627,.T.);
#2573=ORIENTED_EDGE('',*,*,#1630,.T.);
#2574=ORIENTED_EDGE('',*,*,#1633,.T.);
#2575=ORIENTED_EDGE('',*,*,#1636,.T.);
#2576=ORIENTED_EDGE('',*,*,#1639,.T.);
#2577=ORIENTED_EDGE('',*,*,#1642,.T.);
#2578=ORIENTED_EDGE('',*,*,#1645,.T.);
#2579=ORIENTED_EDGE('',*,*,#1648,.T.);
#2580=ORIENTED_EDGE('',*,*,#1703,.T.);
#2581=ORIENTED_EDGE('',*,*,#1714,.T.);
#2582=ORIENTED_EDGE('',*,*,#1717,.T.);
#2583=ORIENTED_EDGE('',*,*,#1720,.T.);
#2584=ORIENTED_EDGE('',*,*,#1704,.T.);
#2585=ORIENTED_EDGE('',*,*,#1708,.T.);
#2586=ORIENTED_EDGE('',*,*,#1711,.T.);
#2587=ORIENTED_EDGE('',*,*,#1766,.T.);
#2588=ORIENTED_EDGE('',*,*,#1882,.T.);
#2589=ORIENTED_EDGE('',*,*,#1883,.F.);
#2590=ORIENTED_EDGE('',*,*,#1884,.F.);
#2591=ORIENTED_EDGE('',*,*,#1767,.T.);
#2592=ORIENTED_EDGE('',*,*,#1884,.T.);
#2593=ORIENTED_EDGE('',*,*,#1885,.F.);
#2594=ORIENTED_EDGE('',*,*,#1817,.F.);
#2595=ORIENTED_EDGE('',*,*,#1886,.F.);
#2596=ORIENTED_EDGE('',*,*,#1805,.T.);
#2597=ORIENTED_EDGE('',*,*,#1887,.F.);
#2598=ORIENTED_EDGE('',*,*,#1888,.F.);
#2599=ORIENTED_EDGE('',*,*,#1889,.F.);
#2600=ORIENTED_EDGE('',*,*,#1888,.T.);
#2601=ORIENTED_EDGE('',*,*,#1890,.F.);
#2602=ORIENTED_EDGE('',*,*,#1891,.F.);
#2603=ORIENTED_EDGE('',*,*,#1892,.F.);
#2604=ORIENTED_EDGE('',*,*,#1891,.T.);
#2605=ORIENTED_EDGE('',*,*,#1893,.F.);
#2606=ORIENTED_EDGE('',*,*,#1894,.F.);
#2607=ORIENTED_EDGE('',*,*,#1652,.T.);
#2608=ORIENTED_EDGE('',*,*,#1649,.T.);
#2609=ORIENTED_EDGE('',*,*,#1646,.T.);
#2610=ORIENTED_EDGE('',*,*,#1643,.T.);
#2611=ORIENTED_EDGE('',*,*,#1640,.T.);
#2612=ORIENTED_EDGE('',*,*,#1637,.T.);
#2613=ORIENTED_EDGE('',*,*,#1634,.T.);
#2614=ORIENTED_EDGE('',*,*,#1631,.T.);
#2615=ORIENTED_EDGE('',*,*,#1628,.T.);
#2616=ORIENTED_EDGE('',*,*,#1625,.T.);
#2617=ORIENTED_EDGE('',*,*,#1622,.T.);
#2618=ORIENTED_EDGE('',*,*,#1619,.T.);
#2619=ORIENTED_EDGE('',*,*,#1616,.T.);
#2620=ORIENTED_EDGE('',*,*,#1613,.T.);
#2621=ORIENTED_EDGE('',*,*,#1610,.T.);
#2622=ORIENTED_EDGE('',*,*,#1607,.T.);
#2623=ORIENTED_EDGE('',*,*,#1604,.T.);
#2624=ORIENTED_EDGE('',*,*,#1700,.T.);
#2625=ORIENTED_EDGE('',*,*,#1697,.T.);
#2626=ORIENTED_EDGE('',*,*,#1694,.T.);
#2627=ORIENTED_EDGE('',*,*,#1691,.T.);
#2628=ORIENTED_EDGE('',*,*,#1688,.T.);
#2629=ORIENTED_EDGE('',*,*,#1685,.T.);
#2630=ORIENTED_EDGE('',*,*,#1682,.T.);
#2631=ORIENTED_EDGE('',*,*,#1679,.T.);
#2632=ORIENTED_EDGE('',*,*,#1676,.T.);
#2633=ORIENTED_EDGE('',*,*,#1673,.T.);
#2634=ORIENTED_EDGE('',*,*,#1670,.T.);
#2635=ORIENTED_EDGE('',*,*,#1667,.T.);
#2636=ORIENTED_EDGE('',*,*,#1664,.T.);
#2637=ORIENTED_EDGE('',*,*,#1661,.T.);
#2638=ORIENTED_EDGE('',*,*,#1658,.T.);
#2639=ORIENTED_EDGE('',*,*,#1655,.T.);
#2640=ORIENTED_EDGE('',*,*,#1701,.T.);
#2641=ORIENTED_EDGE('',*,*,#1715,.T.);
#2642=ORIENTED_EDGE('',*,*,#1712,.T.);
#2643=ORIENTED_EDGE('',*,*,#1709,.T.);
#2644=ORIENTED_EDGE('',*,*,#1706,.T.);
#2645=ORIENTED_EDGE('',*,*,#1721,.T.);
#2646=ORIENTED_EDGE('',*,*,#1718,.T.);
#2647=ORIENTED_EDGE('',*,*,#1895,.T.);
#2648=ORIENTED_EDGE('',*,*,#1894,.T.);
#2649=ORIENTED_EDGE('',*,*,#1896,.F.);
#2650=ORIENTED_EDGE('',*,*,#1897,.F.);
#2651=ORIENTED_EDGE('',*,*,#1898,.T.);
#2652=ORIENTED_EDGE('',*,*,#1897,.T.);
#2653=ORIENTED_EDGE('',*,*,#1899,.F.);
#2654=ORIENTED_EDGE('',*,*,#1873,.F.);
#2655=ORIENTED_EDGE('',*,*,#1804,.T.);
#2656=ORIENTED_EDGE('',*,*,#1598,.T.);
#2657=ORIENTED_EDGE('',*,*,#1874,.T.);
#2658=ORIENTED_EDGE('',*,*,#1899,.T.);
#2659=ORIENTED_EDGE('',*,*,#1896,.T.);
#2660=ORIENTED_EDGE('',*,*,#1893,.T.);
#2661=ORIENTED_EDGE('',*,*,#1890,.T.);
#2662=ORIENTED_EDGE('',*,*,#1887,.T.);
#2663=ORIENTED_EDGE('',*,*,#1818,.T.);
#2664=ORIENTED_EDGE('',*,*,#1885,.T.);
#2665=ORIENTED_EDGE('',*,*,#1883,.T.);
#2666=ORIENTED_EDGE('',*,*,#1881,.T.);
#2667=ORIENTED_EDGE('',*,*,#1876,.T.);
#2668=ORIENTED_EDGE('',*,*,#1879,.T.);
#2669=ORIENTED_EDGE('',*,*,#1880,.T.);
#2670=ORIENTED_EDGE('',*,*,#1593,.T.);
#2671=ORIENTED_EDGE('',*,*,#1572,.F.);
#2672=ORIENTED_EDGE('',*,*,#1589,.F.);
#2673=ORIENTED_EDGE('',*,*,#1583,.F.);
#2674=ORIENTED_EDGE('',*,*,#1600,.F.);
#2675=ORIENTED_EDGE('',*,*,#1803,.F.);
#2676=ORIENTED_EDGE('',*,*,#1886,.T.);
#2677=ORIENTED_EDGE('',*,*,#1889,.T.);
#2678=ORIENTED_EDGE('',*,*,#1892,.T.);
#2679=ORIENTED_EDGE('',*,*,#1895,.F.);
#2680=ORIENTED_EDGE('',*,*,#1898,.F.);
#2681=ORIENTED_EDGE('',*,*,#1872,.F.);
#2682=ORIENTED_EDGE('',*,*,#1596,.F.);
#2683=ORIENTED_EDGE('',*,*,#1900,.T.);
#2684=ORIENTED_EDGE('',*,*,#1901,.T.);
#2685=ORIENTED_EDGE('',*,*,#1900,.F.);
#2686=ORIENTED_EDGE('',*,*,#1902,.T.);
#2687=ORIENTED_EDGE('',*,*,#1901,.F.);
#2688=ORIENTED_EDGE('',*,*,#1902,.F.);
#2689=ORIENTED_EDGE('',*,*,#1903,.F.);
#2690=ORIENTED_EDGE('',*,*,#1904,.T.);
#2691=ORIENTED_EDGE('',*,*,#1905,.F.);
#2692=ORIENTED_EDGE('',*,*,#1904,.F.);
#2693=ORIENTED_EDGE('',*,*,#1905,.T.);
#2694=ORIENTED_EDGE('',*,*,#1903,.T.);
#2695=ORIENTED_EDGE('',*,*,#1906,.T.);
#2696=ORIENTED_EDGE('',*,*,#1907,.T.);
#2697=ORIENTED_EDGE('',*,*,#1906,.F.);
#2698=ORIENTED_EDGE('',*,*,#1908,.T.);
#2699=ORIENTED_EDGE('',*,*,#1907,.F.);
#2700=ORIENTED_EDGE('',*,*,#1908,.F.);
#2701=ORIENTED_EDGE('',*,*,#1909,.T.);
#2702=ORIENTED_EDGE('',*,*,#1910,.T.);
#2703=ORIENTED_EDGE('',*,*,#1909,.F.);
#2704=ORIENTED_EDGE('',*,*,#1911,.T.);
#2705=ORIENTED_EDGE('',*,*,#1910,.F.);
#2706=ORIENTED_EDGE('',*,*,#1911,.F.);
#2707=ORIENTED_EDGE('',*,*,#1912,.F.);
#2708=ORIENTED_EDGE('',*,*,#1913,.T.);
#2709=ORIENTED_EDGE('',*,*,#1914,.F.);
#2710=ORIENTED_EDGE('',*,*,#1913,.F.);
#2711=ORIENTED_EDGE('',*,*,#1914,.T.);
#2712=ORIENTED_EDGE('',*,*,#1912,.T.);
#2713=ORIENTED_EDGE('',*,*,#1915,.T.);
#2714=ORIENTED_EDGE('',*,*,#1916,.T.);
#2715=ORIENTED_EDGE('',*,*,#1915,.F.);
#2716=ORIENTED_EDGE('',*,*,#1917,.T.);
#2717=ORIENTED_EDGE('',*,*,#1916,.F.);
#2718=ORIENTED_EDGE('',*,*,#1917,.F.);
#2719=ORIENTED_EDGE('',*,*,#1918,.T.);
#2720=ORIENTED_EDGE('',*,*,#1919,.T.);
#2721=ORIENTED_EDGE('',*,*,#1919,.F.);
#2722=ORIENTED_EDGE('',*,*,#1920,.T.);
#2723=ORIENTED_EDGE('',*,*,#1918,.F.);
#2724=ORIENTED_EDGE('',*,*,#1920,.F.);
#2725=ORIENTED_EDGE('',*,*,#1921,.F.);
#2726=ORIENTED_EDGE('',*,*,#1922,.T.);
#2727=ORIENTED_EDGE('',*,*,#1923,.F.);
#2728=ORIENTED_EDGE('',*,*,#1922,.F.);
#2729=ORIENTED_EDGE('',*,*,#1921,.T.);
#2730=ORIENTED_EDGE('',*,*,#1923,.T.);
#2731=ORIENTED_EDGE('',*,*,#1924,.T.);
#2732=ORIENTED_EDGE('',*,*,#1925,.T.);
#2733=ORIENTED_EDGE('',*,*,#1925,.F.);
#2734=ORIENTED_EDGE('',*,*,#1926,.T.);
#2735=ORIENTED_EDGE('',*,*,#1924,.F.);
#2736=ORIENTED_EDGE('',*,*,#1926,.F.);
#2737=ORIENTED_EDGE('',*,*,#1927,.T.);
#2738=ORIENTED_EDGE('',*,*,#1928,.T.);
#2739=ORIENTED_EDGE('',*,*,#1929,.F.);
#2740=ORIENTED_EDGE('',*,*,#1930,.F.);
#2741=ORIENTED_EDGE('',*,*,#1931,.T.);
#2742=ORIENTED_EDGE('',*,*,#1930,.T.);
#2743=ORIENTED_EDGE('',*,*,#1932,.F.);
#2744=ORIENTED_EDGE('',*,*,#1933,.F.);
#2745=ORIENTED_EDGE('',*,*,#1934,.T.);
#2746=ORIENTED_EDGE('',*,*,#1933,.T.);
#2747=ORIENTED_EDGE('',*,*,#1935,.F.);
#2748=ORIENTED_EDGE('',*,*,#1936,.F.);
#2749=ORIENTED_EDGE('',*,*,#1937,.T.);
#2750=ORIENTED_EDGE('',*,*,#1936,.T.);
#2751=ORIENTED_EDGE('',*,*,#1938,.F.);
#2752=ORIENTED_EDGE('',*,*,#1939,.F.);
#2753=ORIENTED_EDGE('',*,*,#1940,.T.);
#2754=ORIENTED_EDGE('',*,*,#1939,.T.);
#2755=ORIENTED_EDGE('',*,*,#1941,.F.);
#2756=ORIENTED_EDGE('',*,*,#1942,.F.);
#2757=ORIENTED_EDGE('',*,*,#1943,.F.);
#2758=ORIENTED_EDGE('',*,*,#1944,.T.);
#2759=ORIENTED_EDGE('',*,*,#1945,.T.);
#2760=ORIENTED_EDGE('',*,*,#1946,.F.);
#2761=ORIENTED_EDGE('',*,*,#1947,.F.);
#2762=ORIENTED_EDGE('',*,*,#1948,.T.);
#2763=ORIENTED_EDGE('',*,*,#1949,.T.);
#2764=ORIENTED_EDGE('',*,*,#1944,.F.);
#2765=ORIENTED_EDGE('',*,*,#1950,.F.);
#2766=ORIENTED_EDGE('',*,*,#1951,.T.);
#2767=ORIENTED_EDGE('',*,*,#1952,.T.);
#2768=ORIENTED_EDGE('',*,*,#1948,.F.);
#2769=ORIENTED_EDGE('',*,*,#1953,.F.);
#2770=ORIENTED_EDGE('',*,*,#1954,.T.);
#2771=ORIENTED_EDGE('',*,*,#1955,.T.);
#2772=ORIENTED_EDGE('',*,*,#1951,.F.);
#2773=ORIENTED_EDGE('',*,*,#1956,.F.);
#2774=ORIENTED_EDGE('',*,*,#1957,.T.);
#2775=ORIENTED_EDGE('',*,*,#1958,.T.);
#2776=ORIENTED_EDGE('',*,*,#1954,.F.);
#2777=ORIENTED_EDGE('',*,*,#1943,.T.);
#2778=ORIENTED_EDGE('',*,*,#1959,.T.);
#2779=ORIENTED_EDGE('',*,*,#1927,.F.);
#2780=ORIENTED_EDGE('',*,*,#1931,.F.);
#2781=ORIENTED_EDGE('',*,*,#1934,.F.);
#2782=ORIENTED_EDGE('',*,*,#1937,.F.);
#2783=ORIENTED_EDGE('',*,*,#1940,.F.);
#2784=ORIENTED_EDGE('',*,*,#1960,.F.);
#2785=ORIENTED_EDGE('',*,*,#1956,.T.);
#2786=ORIENTED_EDGE('',*,*,#1953,.T.);
#2787=ORIENTED_EDGE('',*,*,#1950,.T.);
#2788=ORIENTED_EDGE('',*,*,#1947,.T.);
#2789=ORIENTED_EDGE('',*,*,#1946,.T.);
#2790=ORIENTED_EDGE('',*,*,#1961,.T.);
#2791=ORIENTED_EDGE('',*,*,#1928,.F.);
#2792=ORIENTED_EDGE('',*,*,#1959,.F.);
#2793=ORIENTED_EDGE('',*,*,#1945,.F.);
#2794=ORIENTED_EDGE('',*,*,#1949,.F.);
#2795=ORIENTED_EDGE('',*,*,#1952,.F.);
#2796=ORIENTED_EDGE('',*,*,#1955,.F.);
#2797=ORIENTED_EDGE('',*,*,#1958,.F.);
#2798=ORIENTED_EDGE('',*,*,#1962,.T.);
#2799=ORIENTED_EDGE('',*,*,#1941,.T.);
#2800=ORIENTED_EDGE('',*,*,#1938,.T.);
#2801=ORIENTED_EDGE('',*,*,#1935,.T.);
#2802=ORIENTED_EDGE('',*,*,#1932,.T.);
#2803=ORIENTED_EDGE('',*,*,#1929,.T.);
#2804=ORIENTED_EDGE('',*,*,#1961,.F.);
#2805=ORIENTED_EDGE('',*,*,#1957,.F.);
#2806=ORIENTED_EDGE('',*,*,#1960,.T.);
#2807=ORIENTED_EDGE('',*,*,#1942,.T.);
#2808=ORIENTED_EDGE('',*,*,#1962,.F.);
#2809=ORIENTED_EDGE('',*,*,#1963,.F.);
#2810=ORIENTED_EDGE('',*,*,#1964,.T.);
#2811=ORIENTED_EDGE('',*,*,#1965,.F.);
#2812=ORIENTED_EDGE('',*,*,#1966,.F.);
#2813=ORIENTED_EDGE('',*,*,#1967,.F.);
#2814=ORIENTED_EDGE('',*,*,#1966,.T.);
#2815=ORIENTED_EDGE('',*,*,#1968,.F.);
#2816=ORIENTED_EDGE('',*,*,#1969,.F.);
#2817=ORIENTED_EDGE('',*,*,#1970,.F.);
#2818=ORIENTED_EDGE('',*,*,#1969,.T.);
#2819=ORIENTED_EDGE('',*,*,#1971,.F.);
#2820=ORIENTED_EDGE('',*,*,#1972,.F.);
#2821=ORIENTED_EDGE('',*,*,#1973,.F.);
#2822=ORIENTED_EDGE('',*,*,#1972,.T.);
#2823=ORIENTED_EDGE('',*,*,#1974,.F.);
#2824=ORIENTED_EDGE('',*,*,#1975,.F.);
#2825=ORIENTED_EDGE('',*,*,#1976,.F.);
#2826=ORIENTED_EDGE('',*,*,#1977,.T.);
#2827=ORIENTED_EDGE('',*,*,#1978,.F.);
#2828=ORIENTED_EDGE('',*,*,#1964,.F.);
#2829=ORIENTED_EDGE('',*,*,#1979,.T.);
#2830=ORIENTED_EDGE('',*,*,#1980,.T.);
#2831=ORIENTED_EDGE('',*,*,#1981,.T.);
#2832=ORIENTED_EDGE('',*,*,#1982,.F.);
#2833=ORIENTED_EDGE('',*,*,#1983,.T.);
#2834=ORIENTED_EDGE('',*,*,#1984,.T.);
#2835=ORIENTED_EDGE('',*,*,#1985,.T.);
#2836=ORIENTED_EDGE('',*,*,#1980,.F.);
#2837=ORIENTED_EDGE('',*,*,#1986,.T.);
#2838=ORIENTED_EDGE('',*,*,#1987,.T.);
#2839=ORIENTED_EDGE('',*,*,#1988,.T.);
#2840=ORIENTED_EDGE('',*,*,#1984,.F.);
#2841=ORIENTED_EDGE('',*,*,#1989,.T.);
#2842=ORIENTED_EDGE('',*,*,#1990,.T.);
#2843=ORIENTED_EDGE('',*,*,#1991,.T.);
#2844=ORIENTED_EDGE('',*,*,#1987,.F.);
#2845=ORIENTED_EDGE('',*,*,#1992,.T.);
#2846=ORIENTED_EDGE('',*,*,#1982,.T.);
#2847=ORIENTED_EDGE('',*,*,#1993,.T.);
#2848=ORIENTED_EDGE('',*,*,#1994,.F.);
#2849=ORIENTED_EDGE('',*,*,#1979,.F.);
#2850=ORIENTED_EDGE('',*,*,#1992,.F.);
#2851=ORIENTED_EDGE('',*,*,#1995,.T.);
#2852=ORIENTED_EDGE('',*,*,#1976,.T.);
#2853=ORIENTED_EDGE('',*,*,#1963,.T.);
#2854=ORIENTED_EDGE('',*,*,#1967,.T.);
#2855=ORIENTED_EDGE('',*,*,#1970,.T.);
#2856=ORIENTED_EDGE('',*,*,#1973,.T.);
#2857=ORIENTED_EDGE('',*,*,#1996,.F.);
#2858=ORIENTED_EDGE('',*,*,#1989,.F.);
#2859=ORIENTED_EDGE('',*,*,#1986,.F.);
#2860=ORIENTED_EDGE('',*,*,#1983,.F.);
#2861=ORIENTED_EDGE('',*,*,#1981,.F.);
#2862=ORIENTED_EDGE('',*,*,#1985,.F.);
#2863=ORIENTED_EDGE('',*,*,#1988,.F.);
#2864=ORIENTED_EDGE('',*,*,#1991,.F.);
#2865=ORIENTED_EDGE('',*,*,#1997,.T.);
#2866=ORIENTED_EDGE('',*,*,#1974,.T.);
#2867=ORIENTED_EDGE('',*,*,#1971,.T.);
#2868=ORIENTED_EDGE('',*,*,#1968,.T.);
#2869=ORIENTED_EDGE('',*,*,#1965,.T.);
#2870=ORIENTED_EDGE('',*,*,#1978,.T.);
#2871=ORIENTED_EDGE('',*,*,#1998,.F.);
#2872=ORIENTED_EDGE('',*,*,#1993,.F.);
#2873=ORIENTED_EDGE('',*,*,#1990,.F.);
#2874=ORIENTED_EDGE('',*,*,#1996,.T.);
#2875=ORIENTED_EDGE('',*,*,#1975,.T.);
#2876=ORIENTED_EDGE('',*,*,#1997,.F.);
#2877=ORIENTED_EDGE('',*,*,#1994,.T.);
#2878=ORIENTED_EDGE('',*,*,#1998,.T.);
#2879=ORIENTED_EDGE('',*,*,#1977,.F.);
#2880=ORIENTED_EDGE('',*,*,#1995,.F.);
#2881=PLANE('',#3227);
#2882=PLANE('',#3228);
#2883=PLANE('',#3229);
#2884=PLANE('',#3230);
#2885=PLANE('',#3231);
#2886=PLANE('',#3232);
#2887=PLANE('',#3233);
#2888=PLANE('',#3234);
#2889=PLANE('',#3235);
#2890=PLANE('',#3236);
#2891=PLANE('',#3237);
#2892=PLANE('',#3238);
#2893=PLANE('',#3239);
#2894=PLANE('',#3240);
#2895=PLANE('',#3241);
#2896=PLANE('',#3242);
#2897=PLANE('',#3243);
#2898=PLANE('',#3244);
#2899=PLANE('',#3245);
#2900=PLANE('',#3246);
#2901=PLANE('',#3247);
#2902=PLANE('',#3248);
#2903=PLANE('',#3249);
#2904=PLANE('',#3250);
#2905=PLANE('',#3251);
#2906=PLANE('',#3252);
#2907=PLANE('',#3253);
#2908=PLANE('',#3254);
#2909=PLANE('',#3255);
#2910=PLANE('',#3256);
#2911=PLANE('',#3257);
#2912=PLANE('',#3258);
#2913=PLANE('',#3259);
#2914=PLANE('',#3260);
#2915=PLANE('',#3261);
#2916=PLANE('',#3262);
#2917=PLANE('',#3263);
#2918=PLANE('',#3264);
#2919=PLANE('',#3265);
#2920=PLANE('',#3266);
#2921=PLANE('',#3267);
#2922=PLANE('',#3268);
#2923=PLANE('',#3269);
#2924=PLANE('',#3270);
#2925=PLANE('',#3271);
#2926=PLANE('',#3272);
#2927=PLANE('',#3273);
#2928=PLANE('',#3277);
#2929=PLANE('',#3278);
#2930=PLANE('',#3279);
#2931=PLANE('',#3280);
#2932=PLANE('',#3281);
#2933=PLANE('',#3282);
#2934=PLANE('',#3283);
#2935=PLANE('',#3284);
#2936=PLANE('',#3288);
#2937=PLANE('',#3293);
#2938=PLANE('',#3294);
#2939=PLANE('',#3295);
#2940=PLANE('',#3296);
#2941=PLANE('',#3297);
#2942=PLANE('',#3298);
#2943=PLANE('',#3299);
#2944=PLANE('',#3300);
#2945=PLANE('',#3301);
#2946=PLANE('',#3305);
#2947=PLANE('',#3309);
#2948=PLANE('',#3310);
#2949=PLANE('',#3311);
#2950=PLANE('',#3312);
#2951=PLANE('',#3313);
#2952=PLANE('',#3314);
#2953=PLANE('',#3317);
#2954=PLANE('',#3320);
#2955=PLANE('',#3321);
#2956=PLANE('',#3323);
#2957=PLANE('',#3326);
#2958=PLANE('',#3327);
#2959=PLANE('',#3328);
#2960=PLANE('',#3329);
#2961=PLANE('',#3330);
#2962=PLANE('',#3331);
#2963=PLANE('',#3332);
#2964=PLANE('',#3333);
#2965=PLANE('',#3334);
#2966=PLANE('',#3335);
#2967=PLANE('',#3336);
#2968=PLANE('',#3337);
#2969=PLANE('',#3339);
#2970=PLANE('',#3340);
#2971=PLANE('',#3344);
#2972=PLANE('',#3348);
#2973=PLANE('',#3349);
#2974=PLANE('',#3350);
#2975=PLANE('',#3351);
#2976=PLANE('',#3352);
#2977=PLANE('',#3353);
#2978=PLANE('',#3354);
#2979=PLANE('',#3355);
#2980=PLANE('',#3356);
#2981=PLANE('',#3357);
#2982=PLANE('',#3358);
#2983=PLANE('',#3359);
#2984=PLANE('',#3360);
#2985=PLANE('',#3361);
#2986=PLANE('',#3362);
#2987=PLANE('',#3364);
#2988=PLANE('',#3370);
#2989=PLANE('',#3371);
#2990=PLANE('',#3372);
#2991=PLANE('',#3374);
#2992=PLANE('',#3377);
#2993=PLANE('',#3379);
#2994=PLANE('',#3385);
#2995=PLANE('',#3386);
#2996=PLANE('',#3387);
#2997=PLANE('',#3389);
#2998=PLANE('',#3392);
#2999=PLANE('',#3394);
#3000=PLANE('',#3400);
#3001=PLANE('',#3401);
#3002=PLANE('',#3402);
#3003=PLANE('',#3404);
#3004=PLANE('',#3407);
#3005=PLANE('',#3408);
#3006=PLANE('',#3409);
#3007=PLANE('',#3410);
#3008=PLANE('',#3411);
#3009=PLANE('',#3412);
#3010=PLANE('',#3413);
#3011=PLANE('',#3414);
#3012=PLANE('',#3415);
#3013=PLANE('',#3416);
#3014=PLANE('',#3417);
#3015=PLANE('',#3418);
#3016=PLANE('',#3419);
#3017=PLANE('',#3420);
#3018=PLANE('',#3421);
#3019=PLANE('',#3422);
#3020=PLANE('',#3423);
#3021=PLANE('',#3424);
#3022=PLANE('',#3425);
#3023=PLANE('',#3426);
#3024=PLANE('',#3427);
#3025=PLANE('',#3428);
#3026=PLANE('',#3429);
#3027=PLANE('',#3430);
#3028=PLANE('',#3431);
#3029=PLANE('',#3432);
#3030=PLANE('',#3433);
#3031=PLANE('',#3434);
#3032=ADVANCED_FACE('',(#110),#2881,.T.);
#3033=ADVANCED_FACE('',(#111),#2882,.F.);
#3034=ADVANCED_FACE('',(#112),#2883,.T.);
#3035=ADVANCED_FACE('',(#113),#2884,.T.);
#3036=ADVANCED_FACE('',(#114),#2885,.T.);
#3037=ADVANCED_FACE('',(#115),#2886,.T.);
#3038=ADVANCED_FACE('',(#116),#2887,.T.);
#3039=ADVANCED_FACE('',(#117),#2888,.T.);
#3040=ADVANCED_FACE('',(#118),#2889,.T.);
#3041=ADVANCED_FACE('',(#119),#2890,.T.);
#3042=ADVANCED_FACE('',(#120),#2891,.T.);
#3043=ADVANCED_FACE('',(#121),#2892,.T.);
#3044=ADVANCED_FACE('',(#122),#2893,.T.);
#3045=ADVANCED_FACE('',(#123),#2894,.F.);
#3046=ADVANCED_FACE('',(#124),#2895,.F.);
#3047=ADVANCED_FACE('',(#125),#2896,.F.);
#3048=ADVANCED_FACE('',(#126),#2897,.F.);
#3049=ADVANCED_FACE('',(#127),#2898,.F.);
#3050=ADVANCED_FACE('',(#128),#2899,.F.);
#3051=ADVANCED_FACE('',(#129),#2900,.F.);
#3052=ADVANCED_FACE('',(#130),#2901,.F.);
#3053=ADVANCED_FACE('',(#131),#2902,.F.);
#3054=ADVANCED_FACE('',(#132),#2903,.F.);
#3055=ADVANCED_FACE('',(#133),#2904,.F.);
#3056=ADVANCED_FACE('',(#134),#2905,.F.);
#3057=ADVANCED_FACE('',(#135),#2906,.F.);
#3058=ADVANCED_FACE('',(#136),#2907,.F.);
#3059=ADVANCED_FACE('',(#137),#2908,.F.);
#3060=ADVANCED_FACE('',(#138),#2909,.F.);
#3061=ADVANCED_FACE('',(#139),#2910,.F.);
#3062=ADVANCED_FACE('',(#140),#2911,.F.);
#3063=ADVANCED_FACE('',(#141),#2912,.F.);
#3064=ADVANCED_FACE('',(#142),#2913,.F.);
#3065=ADVANCED_FACE('',(#143),#2914,.F.);
#3066=ADVANCED_FACE('',(#144),#2915,.F.);
#3067=ADVANCED_FACE('',(#145),#2916,.F.);
#3068=ADVANCED_FACE('',(#146),#2917,.F.);
#3069=ADVANCED_FACE('',(#147),#2918,.F.);
#3070=ADVANCED_FACE('',(#148),#2919,.F.);
#3071=ADVANCED_FACE('',(#149),#2920,.F.);
#3072=ADVANCED_FACE('',(#150),#2921,.F.);
#3073=ADVANCED_FACE('',(#151),#2922,.F.);
#3074=ADVANCED_FACE('',(#152),#2923,.F.);
#3075=ADVANCED_FACE('',(#153),#2924,.F.);
#3076=ADVANCED_FACE('',(#154),#2925,.F.);
#3077=ADVANCED_FACE('',(#155),#2926,.F.);
#3078=ADVANCED_FACE('',(#156),#2927,.F.);
#3079=ADVANCED_FACE('',(#157),#92,.F.);
#3080=ADVANCED_FACE('',(#158),#2928,.F.);
#3081=ADVANCED_FACE('',(#159),#2929,.F.);
#3082=ADVANCED_FACE('',(#160),#2930,.F.);
#3083=ADVANCED_FACE('',(#161),#2931,.F.);
#3084=ADVANCED_FACE('',(#162),#2932,.F.);
#3085=ADVANCED_FACE('',(#163),#2933,.F.);
#3086=ADVANCED_FACE('',(#164),#2934,.F.);
#3087=ADVANCED_FACE('',(#165),#2935,.F.);
#3088=ADVANCED_FACE('',(#166),#93,.F.);
#3089=ADVANCED_FACE('',(#167),#2936,.F.);
#3090=ADVANCED_FACE('',(#168),#94,.F.);
#3091=ADVANCED_FACE('',(#169),#2937,.T.);
#3092=ADVANCED_FACE('',(#170),#2938,.F.);
#3093=ADVANCED_FACE('',(#171),#2939,.F.);
#3094=ADVANCED_FACE('',(#172),#2940,.F.);
#3095=ADVANCED_FACE('',(#173),#2941,.F.);
#3096=ADVANCED_FACE('',(#174),#2942,.F.);
#3097=ADVANCED_FACE('',(#175),#2943,.T.);
#3098=ADVANCED_FACE('',(#176),#2944,.F.);
#3099=ADVANCED_FACE('',(#177),#2945,.F.);
#3100=ADVANCED_FACE('',(#178),#95,.F.);
#3101=ADVANCED_FACE('',(#179),#2946,.F.);
#3102=ADVANCED_FACE('',(#180),#96,.F.);
#3103=ADVANCED_FACE('',(#181),#2947,.F.);
#3104=ADVANCED_FACE('',(#182),#2948,.F.);
#3105=ADVANCED_FACE('',(#183),#2949,.F.);
#3106=ADVANCED_FACE('',(#184),#2950,.F.);
#3107=ADVANCED_FACE('',(#185),#2951,.F.);
#3108=ADVANCED_FACE('',(#186,#41,#42),#2952,.T.);
#3109=ADVANCED_FACE('',(#187,#43),#2953,.T.);
#3110=ADVANCED_FACE('',(#188),#2954,.F.);
#3111=ADVANCED_FACE('',(#189),#2955,.F.);
#3112=ADVANCED_FACE('',(#190),#97,.F.);
#3113=ADVANCED_FACE('',(#191),#2956,.F.);
#3114=ADVANCED_FACE('',(#192),#98,.F.);
#3115=ADVANCED_FACE('',(#193),#2957,.T.);
#3116=ADVANCED_FACE('',(#194),#2958,.F.);
#3117=ADVANCED_FACE('',(#195),#2959,.F.);
#3118=ADVANCED_FACE('',(#196),#2960,.F.);
#3119=ADVANCED_FACE('',(#197),#2961,.F.);
#3120=ADVANCED_FACE('',(#198),#2962,.F.);
#3121=ADVANCED_FACE('',(#199),#2963,.F.);
#3122=ADVANCED_FACE('',(#200),#2964,.F.);
#3123=ADVANCED_FACE('',(#201),#2965,.F.);
#3124=ADVANCED_FACE('',(#202),#2966,.F.);
#3125=ADVANCED_FACE('',(#203),#2967,.F.);
#3126=ADVANCED_FACE('',(#204),#2968,.F.);
#3127=ADVANCED_FACE('',(#205),#2969,.F.);
#3128=ADVANCED_FACE('',(#206),#2970,.F.);
#3129=ADVANCED_FACE('',(#207),#99,.F.);
#3130=ADVANCED_FACE('',(#208),#2971,.F.);
#3131=ADVANCED_FACE('',(#209),#100,.F.);
#3132=ADVANCED_FACE('',(#210,#44,#45),#2972,.T.);
#3133=ADVANCED_FACE('',(#211),#2973,.T.);
#3134=ADVANCED_FACE('',(#212),#2974,.T.);
#3135=ADVANCED_FACE('',(#213),#2975,.T.);
#3136=ADVANCED_FACE('',(#214,#46,#47,#48),#2976,.T.);
#3137=ADVANCED_FACE('',(#215),#2977,.T.);
#3138=ADVANCED_FACE('',(#216),#2978,.T.);
#3139=ADVANCED_FACE('',(#217),#2979,.T.);
#3140=ADVANCED_FACE('',(#218),#2980,.T.);
#3141=ADVANCED_FACE('',(#219,#49,#50,#51),#2981,.T.);
#3142=ADVANCED_FACE('',(#220),#2982,.T.);
#3143=ADVANCED_FACE('',(#221),#2983,.T.);
#3144=ADVANCED_FACE('',(#222,#52),#2984,.T.);
#3145=ADVANCED_FACE('',(#223),#2985,.F.);
#3146=ADVANCED_FACE('',(#224),#2986,.T.);
#3147=ADVANCED_FACE('',(#225),#2987,.T.);
#3148=ADVANCED_FACE('',(#226),#101,.T.);
#3149=ADVANCED_FACE('',(#227),#102,.T.);
#3150=ADVANCED_FACE('',(#228),#2988,.T.);
#3151=ADVANCED_FACE('',(#229),#2989,.T.);
#3152=ADVANCED_FACE('',(#230),#2990,.T.);
#3153=ADVANCED_FACE('',(#231),#2991,.T.);
#3154=ADVANCED_FACE('',(#232),#103,.T.);
#3155=ADVANCED_FACE('',(#233),#2992,.T.);
#3156=ADVANCED_FACE('',(#234),#2993,.T.);
#3157=ADVANCED_FACE('',(#235),#104,.T.);
#3158=ADVANCED_FACE('',(#236),#105,.T.);
#3159=ADVANCED_FACE('',(#237),#2994,.T.);
#3160=ADVANCED_FACE('',(#238),#2995,.T.);
#3161=ADVANCED_FACE('',(#239),#2996,.T.);
#3162=ADVANCED_FACE('',(#240),#2997,.T.);
#3163=ADVANCED_FACE('',(#241),#106,.T.);
#3164=ADVANCED_FACE('',(#242),#2998,.T.);
#3165=ADVANCED_FACE('',(#243),#2999,.T.);
#3166=ADVANCED_FACE('',(#244),#107,.T.);
#3167=ADVANCED_FACE('',(#245),#108,.T.);
#3168=ADVANCED_FACE('',(#246),#3000,.T.);
#3169=ADVANCED_FACE('',(#247),#3001,.T.);
#3170=ADVANCED_FACE('',(#248),#3002,.T.);
#3171=ADVANCED_FACE('',(#249),#3003,.T.);
#3172=ADVANCED_FACE('',(#250),#109,.T.);
#3173=ADVANCED_FACE('',(#251),#3004,.T.);
#3174=ADVANCED_FACE('',(#252),#3005,.T.);
#3175=ADVANCED_FACE('',(#253),#3006,.T.);
#3176=ADVANCED_FACE('',(#254),#3007,.T.);
#3177=ADVANCED_FACE('',(#255),#3008,.T.);
#3178=ADVANCED_FACE('',(#256),#3009,.F.);
#3179=ADVANCED_FACE('',(#257),#3010,.F.);
#3180=ADVANCED_FACE('',(#258),#3011,.F.);
#3181=ADVANCED_FACE('',(#259),#3012,.F.);
#3182=ADVANCED_FACE('',(#260),#3013,.F.);
#3183=ADVANCED_FACE('',(#261),#3014,.F.);
#3184=ADVANCED_FACE('',(#262),#3015,.F.);
#3185=ADVANCED_FACE('',(#263),#3016,.F.);
#3186=ADVANCED_FACE('',(#264),#3017,.F.);
#3187=ADVANCED_FACE('',(#265),#3018,.T.);
#3188=ADVANCED_FACE('',(#266),#3019,.T.);
#3189=ADVANCED_FACE('',(#267),#3020,.T.);
#3190=ADVANCED_FACE('',(#268),#3021,.T.);
#3191=ADVANCED_FACE('',(#269),#3022,.T.);
#3192=ADVANCED_FACE('',(#270),#3023,.F.);
#3193=ADVANCED_FACE('',(#271),#3024,.F.);
#3194=ADVANCED_FACE('',(#272),#3025,.F.);
#3195=ADVANCED_FACE('',(#273),#3026,.F.);
#3196=ADVANCED_FACE('',(#274),#3027,.F.);
#3197=ADVANCED_FACE('',(#275),#3028,.F.);
#3198=ADVANCED_FACE('',(#276),#3029,.F.);
#3199=ADVANCED_FACE('',(#277),#3030,.F.);
#3200=ADVANCED_FACE('',(#278),#3031,.F.);
#3201=CLOSED_SHELL('',(#3032,#3033,#3034,#3035,#3036,#3037,#3038,#3039,
#3040,#3041,#3042,#3043,#3044,#3045,#3046,#3047,#3048,#3049,#3050,#3051,
#3052,#3053,#3054,#3055,#3056,#3057,#3058,#3059,#3060,#3061,#3062,#3063,
#3064,#3065,#3066,#3067,#3068,#3069,#3070,#3071,#3072,#3073,#3074,#3075,
#3076,#3077,#3078,#3079,#3080,#3081,#3082,#3083,#3084,#3085,#3086,#3087,
#3088,#3089,#3090,#3091,#3092,#3093,#3094,#3095,#3096,#3097,#3098,#3099,
#3100,#3101,#3102,#3103,#3104,#3105,#3106,#3107,#3108,#3109,#3110,#3111,
#3112,#3113,#3114,#3115,#3116,#3117,#3118,#3119,#3120,#3121,#3122,#3123,
#3124,#3125,#3126,#3127,#3128,#3129,#3130,#3131,#3132,#3133,#3134,#3135,
#3136,#3137,#3138,#3139,#3140,#3141,#3142,#3143,#3144,#3145));
#3202=CLOSED_SHELL('',(#3146,#3147,#3148));
#3203=CLOSED_SHELL('',(#3149,#3150,#3151));
#3204=CLOSED_SHELL('',(#3152,#3153,#3154));
#3205=CLOSED_SHELL('',(#3155,#3156,#3157));
#3206=CLOSED_SHELL('',(#3158,#3159,#3160));
#3207=CLOSED_SHELL('',(#3161,#3162,#3163));
#3208=CLOSED_SHELL('',(#3164,#3165,#3166));
#3209=CLOSED_SHELL('',(#3167,#3168,#3169));
#3210=CLOSED_SHELL('',(#3170,#3171,#3172));
#3211=CLOSED_SHELL('',(#3173,#3174,#3175,#3176,#3177,#3178,#3179,#3180,
#3181,#3182,#3183,#3184,#3185,#3186));
#3212=CLOSED_SHELL('',(#3187,#3188,#3189,#3190,#3191,#3192,#3193,#3194,
#3195,#3196,#3197,#3198,#3199,#3200));
#3213=DERIVED_UNIT_ELEMENT(#3215,1.);
#3214=DERIVED_UNIT_ELEMENT(#5176,-3.);
#3215=(
MASS_UNIT()
NAMED_UNIT(*)
SI_UNIT(.KILO.,.GRAM.)
);
#3216=DERIVED_UNIT((#3213,#3214));
#3217=MEASURE_REPRESENTATION_ITEM('density measure',
POSITIVE_RATIO_MEASURE(1060.),#3216);
#3218=PROPERTY_DEFINITION_REPRESENTATION(#3223,#3220);
#3219=PROPERTY_DEFINITION_REPRESENTATION(#3224,#3221);
#3220=REPRESENTATION('material name',(#3222),#5171);
#3221=REPRESENTATION('density',(#3217),#5171);
#3222=DESCRIPTIVE_REPRESENTATION_ITEM('ABS Plastic','ABS Plastic');
#3223=PROPERTY_DEFINITION('material property','material name',#5189);
#3224=PROPERTY_DEFINITION('material property','density of part',#5189);
#3225=AXIS2_PLACEMENT_3D('',#4260,#3436,#3437);
#3226=AXIS2_PLACEMENT_3D('',#4261,#3438,#3439);
#3227=AXIS2_PLACEMENT_3D('',#4262,#3440,#3441);
#3228=AXIS2_PLACEMENT_3D('',#4271,#3446,#3447);
#3229=AXIS2_PLACEMENT_3D('',#4277,#3451,#3452);
#3230=AXIS2_PLACEMENT_3D('',#4286,#3457,#3458);
#3231=AXIS2_PLACEMENT_3D('',#4295,#3463,#3464);
#3232=AXIS2_PLACEMENT_3D('',#4301,#3468,#3469);
#3233=AXIS2_PLACEMENT_3D('',#4312,#3476,#3477);
#3234=AXIS2_PLACEMENT_3D('',#4318,#3481,#3482);
#3235=AXIS2_PLACEMENT_3D('',#4320,#3484,#3485);
#3236=AXIS2_PLACEMENT_3D('',#4326,#3489,#3490);
#3237=AXIS2_PLACEMENT_3D('',#4328,#3492,#3493);
#3238=AXIS2_PLACEMENT_3D('',#4330,#3495,#3496);
#3239=AXIS2_PLACEMENT_3D('',#4340,#3502,#3503);
#3240=AXIS2_PLACEMENT_3D('',#4351,#3510,#3511);
#3241=AXIS2_PLACEMENT_3D('',#4352,#3512,#3513);
#3242=AXIS2_PLACEMENT_3D('',#4361,#3518,#3519);
#3243=AXIS2_PLACEMENT_3D('',#4367,#3523,#3524);
#3244=AXIS2_PLACEMENT_3D('',#4373,#3528,#3529);
#3245=AXIS2_PLACEMENT_3D('',#4379,#3533,#3534);
#3246=AXIS2_PLACEMENT_3D('',#4385,#3538,#3539);
#3247=AXIS2_PLACEMENT_3D('',#4391,#3543,#3544);
#3248=AXIS2_PLACEMENT_3D('',#4397,#3548,#3549);
#3249=AXIS2_PLACEMENT_3D('',#4403,#3553,#3554);
#3250=AXIS2_PLACEMENT_3D('',#4409,#3558,#3559);
#3251=AXIS2_PLACEMENT_3D('',#4415,#3563,#3564);
#3252=AXIS2_PLACEMENT_3D('',#4421,#3568,#3569);
#3253=AXIS2_PLACEMENT_3D('',#4427,#3573,#3574);
#3254=AXIS2_PLACEMENT_3D('',#4433,#3578,#3579);
#3255=AXIS2_PLACEMENT_3D('',#4439,#3583,#3584);
#3256=AXIS2_PLACEMENT_3D('',#4445,#3588,#3589);
#3257=AXIS2_PLACEMENT_3D('',#4451,#3593,#3594);
#3258=AXIS2_PLACEMENT_3D('',#4457,#3598,#3599);
#3259=AXIS2_PLACEMENT_3D('',#4463,#3603,#3604);
#3260=AXIS2_PLACEMENT_3D('',#4469,#3608,#3609);
#3261=AXIS2_PLACEMENT_3D('',#4475,#3613,#3614);
#3262=AXIS2_PLACEMENT_3D('',#4481,#3618,#3619);
#3263=AXIS2_PLACEMENT_3D('',#4487,#3623,#3624);
#3264=AXIS2_PLACEMENT_3D('',#4493,#3628,#3629);
#3265=AXIS2_PLACEMENT_3D('',#4499,#3633,#3634);
#3266=AXIS2_PLACEMENT_3D('',#4505,#3638,#3639);
#3267=AXIS2_PLACEMENT_3D('',#4511,#3643,#3644);
#3268=AXIS2_PLACEMENT_3D('',#4517,#3648,#3649);
#3269=AXIS2_PLACEMENT_3D('',#4523,#3653,#3654);
#3270=AXIS2_PLACEMENT_3D('',#4529,#3658,#3659);
#3271=AXIS2_PLACEMENT_3D('',#4535,#3663,#3664);
#3272=AXIS2_PLACEMENT_3D('',#4541,#3668,#3669);
#3273=AXIS2_PLACEMENT_3D('',#4547,#3673,#3674);
#3274=AXIS2_PLACEMENT_3D('',#4550,#3677,#3678);
#3275=AXIS2_PLACEMENT_3D('',#4552,#3679,#3680);
#3276=AXIS2_PLACEMENT_3D('',#4555,#3682,#3683);
#3277=AXIS2_PLACEMENT_3D('',#4556,#3684,#3685);
#3278=AXIS2_PLACEMENT_3D('',#4565,#3690,#3691);
#3279=AXIS2_PLACEMENT_3D('',#4571,#3695,#3696);
#3280=AXIS2_PLACEMENT_3D('',#4577,#3700,#3701);
#3281=AXIS2_PLACEMENT_3D('',#4583,#3705,#3706);
#3282=AXIS2_PLACEMENT_3D('',#4589,#3710,#3711);
#3283=AXIS2_PLACEMENT_3D('',#4592,#3714,#3715);
#3284=AXIS2_PLACEMENT_3D('',#4601,#3720,#3721);
#3285=AXIS2_PLACEMENT_3D('',#4607,#3725,#3726);
#3286=AXIS2_PLACEMENT_3D('',#4609,#3727,#3728);
#3287=AXIS2_PLACEMENT_3D('',#4612,#3730,#3731);
#3288=AXIS2_PLACEMENT_3D('',#4613,#3732,#3733);
#3289=AXIS2_PLACEMENT_3D('',#4619,#3737,#3738);
#3290=AXIS2_PLACEMENT_3D('',#4621,#3739,#3740);
#3291=AXIS2_PLACEMENT_3D('',#4625,#3742,#3743);
#3292=AXIS2_PLACEMENT_3D('',#4628,#3745,#3746);
#3293=AXIS2_PLACEMENT_3D('',#4629,#3747,#3748);
#3294=AXIS2_PLACEMENT_3D('',#4635,#3752,#3753);
#3295=AXIS2_PLACEMENT_3D('',#4641,#3757,#3758);
#3296=AXIS2_PLACEMENT_3D('',#4645,#3761,#3762);
#3297=AXIS2_PLACEMENT_3D('',#4653,#3767,#3768);
#3298=AXIS2_PLACEMENT_3D('',#4659,#3772,#3773);
#3299=AXIS2_PLACEMENT_3D('',#4662,#3776,#3777);
#3300=AXIS2_PLACEMENT_3D('',#4693,#3794,#3795);
#3301=AXIS2_PLACEMENT_3D('',#4702,#3800,#3801);
#3302=AXIS2_PLACEMENT_3D('',#4708,#3805,#3806);
#3303=AXIS2_PLACEMENT_3D('',#4710,#3807,#3808);
#3304=AXIS2_PLACEMENT_3D('',#4712,#3809,#3810);
#3305=AXIS2_PLACEMENT_3D('',#4714,#3812,#3813);
#3306=AXIS2_PLACEMENT_3D('',#4720,#3817,#3818);
#3307=AXIS2_PLACEMENT_3D('',#4722,#3819,#3820);
#3308=AXIS2_PLACEMENT_3D('',#4724,#3821,#3822);
#3309=AXIS2_PLACEMENT_3D('',#4726,#3824,#3825);
#3310=AXIS2_PLACEMENT_3D('',#4732,#3829,#3830);
#3311=AXIS2_PLACEMENT_3D('',#4738,#3834,#3835);
#3312=AXIS2_PLACEMENT_3D('',#4744,#3839,#3840);
#3313=AXIS2_PLACEMENT_3D('',#4750,#3844,#3845);
#3314=AXIS2_PLACEMENT_3D('',#4753,#3848,#3849);
#3315=AXIS2_PLACEMENT_3D('',#4773,#3859,#3860);
#3316=AXIS2_PLACEMENT_3D('',#4777,#3862,#3863);
#3317=AXIS2_PLACEMENT_3D('',#4779,#3865,#3866);
#3318=AXIS2_PLACEMENT_3D('',#4781,#3867,#3868);
#3319=AXIS2_PLACEMENT_3D('',#4798,#3877,#3878);
#3320=AXIS2_PLACEMENT_3D('',#4800,#3880,#3881);
#3321=AXIS2_PLACEMENT_3D('',#4806,#3885,#3886);
#3322=AXIS2_PLACEMENT_3D('',#4809,#3889,#3890);
#3323=AXIS2_PLACEMENT_3D('',#4811,#3892,#3893);
#3324=AXIS2_PLACEMENT_3D('',#4813,#3895,#3896);
#3325=AXIS2_PLACEMENT_3D('',#4814,#3897,#3898);
#3326=AXIS2_PLACEMENT_3D('',#4815,#3899,#3900);
#3327=AXIS2_PLACEMENT_3D('',#4817,#3902,#3903);
#3328=AXIS2_PLACEMENT_3D('',#4819,#3905,#3906);
#3329=AXIS2_PLACEMENT_3D('',#4821,#3908,#3909);
#3330=AXIS2_PLACEMENT_3D('',#4823,#3911,#3912);
#3331=AXIS2_PLACEMENT_3D('',#4825,#3914,#3915);
#3332=AXIS2_PLACEMENT_3D('',#4826,#3916,#3917);
#3333=AXIS2_PLACEMENT_3D('',#4835,#3922,#3923);
#3334=AXIS2_PLACEMENT_3D('',#4841,#3927,#3928);
#3335=AXIS2_PLACEMENT_3D('',#4847,#3932,#3933);
#3336=AXIS2_PLACEMENT_3D('',#4853,#3937,#3938);
#3337=AXIS2_PLACEMENT_3D('',#4860,#3943,#3944);
#3338=AXIS2_PLACEMENT_3D('',#4863,#3946,#3947);
#3339=AXIS2_PLACEMENT_3D('',#4864,#3948,#3949);
#3340=AXIS2_PLACEMENT_3D('',#4870,#3953,#3954);
#3341=AXIS2_PLACEMENT_3D('',#4874,#3957,#3958);
#3342=AXIS2_PLACEMENT_3D('',#4876,#3959,#3960);
#3343=AXIS2_PLACEMENT_3D('',#4879,#3962,#3963);
#3344=AXIS2_PLACEMENT_3D('',#4880,#3964,#3965);
#3345=AXIS2_PLACEMENT_3D('',#4886,#3969,#3970);
#3346=AXIS2_PLACEMENT_3D('',#4887,#3971,#3972);
#3347=AXIS2_PLACEMENT_3D('',#4888,#3973,#3974);
#3348=AXIS2_PLACEMENT_3D('',#4889,#3975,#3976);
#3349=AXIS2_PLACEMENT_3D('',#4895,#3980,#3981);
#3350=AXIS2_PLACEMENT_3D('',#4901,#3985,#3986);
#3351=AXIS2_PLACEMENT_3D('',#4905,#3989,#3990);
#3352=AXIS2_PLACEMENT_3D('',#4907,#3992,#3993);
#3353=AXIS2_PLACEMENT_3D('',#4911,#3996,#3997);
#3354=AXIS2_PLACEMENT_3D('',#4915,#4000,#4001);
#3355=AXIS2_PLACEMENT_3D('',#4917,#4003,#4004);
#3356=AXIS2_PLACEMENT_3D('',#4923,#4008,#4009);
#3357=AXIS2_PLACEMENT_3D('',#4929,#4013,#4014);
#3358=AXIS2_PLACEMENT_3D('',#4935,#4018,#4019);
#3359=AXIS2_PLACEMENT_3D('',#4941,#4023,#4024);
#3360=AXIS2_PLACEMENT_3D('',#4944,#4027,#4028);
#3361=AXIS2_PLACEMENT_3D('',#4945,#4029,#4030);
#3362=AXIS2_PLACEMENT_3D('',#4946,#4031,#4032);
#3363=AXIS2_PLACEMENT_3D('',#4948,#4033,#4034);
#3364=AXIS2_PLACEMENT_3D('',#4949,#4035,#4036);
#3365=AXIS2_PLACEMENT_3D('',#4951,#4037,#4038);
#3366=AXIS2_PLACEMENT_3D('',#4952,#4039,#4040);
#3367=AXIS2_PLACEMENT_3D('',#4954,#4042,#4043);
#3368=AXIS2_PLACEMENT_3D('',#4956,#4044,#4045);
#3369=AXIS2_PLACEMENT_3D('',#4959,#4047,#4048);
#3370=AXIS2_PLACEMENT_3D('',#4960,#4049,#4050);
#3371=AXIS2_PLACEMENT_3D('',#4961,#4051,#4052);
#3372=AXIS2_PLACEMENT_3D('',#4962,#4053,#4054);
#3373=AXIS2_PLACEMENT_3D('',#4964,#4055,#4056);
#3374=AXIS2_PLACEMENT_3D('',#4965,#4057,#4058);
#3375=AXIS2_PLACEMENT_3D('',#4967,#4059,#4060);
#3376=AXIS2_PLACEMENT_3D('',#4968,#4061,#4062);
#3377=AXIS2_PLACEMENT_3D('',#4970,#4064,#4065);
#3378=AXIS2_PLACEMENT_3D('',#4972,#4066,#4067);
#3379=AXIS2_PLACEMENT_3D('',#4973,#4068,#4069);
#3380=AXIS2_PLACEMENT_3D('',#4975,#4070,#4071);
#3381=AXIS2_PLACEMENT_3D('',#4976,#4072,#4073);
#3382=AXIS2_PLACEMENT_3D('',#4978,#4075,#4076);
#3383=AXIS2_PLACEMENT_3D('',#4980,#4077,#4078);
#3384=AXIS2_PLACEMENT_3D('',#4983,#4080,#4081);
#3385=AXIS2_PLACEMENT_3D('',#4984,#4082,#4083);
#3386=AXIS2_PLACEMENT_3D('',#4985,#4084,#4085);
#3387=AXIS2_PLACEMENT_3D('',#4986,#4086,#4087);
#3388=AXIS2_PLACEMENT_3D('',#4988,#4088,#4089);
#3389=AXIS2_PLACEMENT_3D('',#4989,#4090,#4091);
#3390=AXIS2_PLACEMENT_3D('',#4991,#4092,#4093);
#3391=AXIS2_PLACEMENT_3D('',#4992,#4094,#4095);
#3392=AXIS2_PLACEMENT_3D('',#4994,#4097,#4098);
#3393=AXIS2_PLACEMENT_3D('',#4996,#4099,#4100);
#3394=AXIS2_PLACEMENT_3D('',#4997,#4101,#4102);
#3395=AXIS2_PLACEMENT_3D('',#4999,#4103,#4104);
#3396=AXIS2_PLACEMENT_3D('',#5000,#4105,#4106);
#3397=AXIS2_PLACEMENT_3D('',#5002,#4108,#4109);
#3398=AXIS2_PLACEMENT_3D('',#5004,#4110,#4111);
#3399=AXIS2_PLACEMENT_3D('',#5007,#4113,#4114);
#3400=AXIS2_PLACEMENT_3D('',#5008,#4115,#4116);
#3401=AXIS2_PLACEMENT_3D('',#5009,#4117,#4118);
#3402=AXIS2_PLACEMENT_3D('',#5010,#4119,#4120);
#3403=AXIS2_PLACEMENT_3D('',#5012,#4121,#4122);
#3404=AXIS2_PLACEMENT_3D('',#5013,#4123,#4124);
#3405=AXIS2_PLACEMENT_3D('',#5015,#4125,#4126);
#3406=AXIS2_PLACEMENT_3D('',#5016,#4127,#4128);
#3407=AXIS2_PLACEMENT_3D('',#5018,#4130,#4131);
#3408=AXIS2_PLACEMENT_3D('',#5027,#4136,#4137);
#3409=AXIS2_PLACEMENT_3D('',#5033,#4141,#4142);
#3410=AXIS2_PLACEMENT_3D('',#5039,#4146,#4147);
#3411=AXIS2_PLACEMENT_3D('',#5045,#4151,#4152);
#3412=AXIS2_PLACEMENT_3D('',#5051,#4156,#4157);
#3413=AXIS2_PLACEMENT_3D('',#5060,#4162,#4163);
#3414=AXIS2_PLACEMENT_3D('',#5066,#4167,#4168);
#3415=AXIS2_PLACEMENT_3D('',#5072,#4172,#4173);
#3416=AXIS2_PLACEMENT_3D('',#5078,#4177,#4178);
#3417=AXIS2_PLACEMENT_3D('',#5084,#4182,#4183);
#3418=AXIS2_PLACEMENT_3D('',#5087,#4186,#4187);
#3419=AXIS2_PLACEMENT_3D('',#5089,#4189,#4190);
#3420=AXIS2_PLACEMENT_3D('',#5091,#4192,#4193);
#3421=AXIS2_PLACEMENT_3D('',#5092,#4194,#4195);
#3422=AXIS2_PLACEMENT_3D('',#5101,#4200,#4201);
#3423=AXIS2_PLACEMENT_3D('',#5107,#4205,#4206);
#3424=AXIS2_PLACEMENT_3D('',#5113,#4210,#4211);
#3425=AXIS2_PLACEMENT_3D('',#5119,#4215,#4216);
#3426=AXIS2_PLACEMENT_3D('',#5125,#4220,#4221);
#3427=AXIS2_PLACEMENT_3D('',#5134,#4226,#4227);
#3428=AXIS2_PLACEMENT_3D('',#5140,#4231,#4232);
#3429=AXIS2_PLACEMENT_3D('',#5146,#4236,#4237);
#3430=AXIS2_PLACEMENT_3D('',#5152,#4241,#4242);
#3431=AXIS2_PLACEMENT_3D('',#5158,#4246,#4247);
#3432=AXIS2_PLACEMENT_3D('',#5161,#4250,#4251);
#3433=AXIS2_PLACEMENT_3D('',#5164,#4254,#4255);
#3434=AXIS2_PLACEMENT_3D('',#5165,#4256,#4257);
#3435=AXIS2_PLACEMENT_3D('',#5166,#4258,#4259);
#3436=DIRECTION('axis',(0.,0.,1.));
#3437=DIRECTION('refdir',(1.,0.,0.));
#3438=DIRECTION('axis',(0.,0.,1.));
#3439=DIRECTION('refdir',(1.,0.,0.));
#3440=DIRECTION('center_axis',(0.,0.,1.));
#3441=DIRECTION('ref_axis',(1.,0.,0.));
#3442=DIRECTION('',(1.,-2.60224404233694E-16,0.));
#3443=DIRECTION('',(4.35053499063376E-15,1.,0.));
#3444=DIRECTION('',(-1.,-3.70418250945291E-11,0.));
#3445=DIRECTION('',(4.48530366223465E-14,-1.,0.));
#3446=DIRECTION('center_axis',(1.,4.48530366223465E-14,0.));
#3447=DIRECTION('ref_axis',(-4.48530366223465E-14,1.,0.));
#3448=DIRECTION('',(0.,0.,1.));
#3449=DIRECTION('',(4.48530366223465E-14,-1.,0.));
#3450=DIRECTION('',(0.,0.,1.));
#3451=DIRECTION('center_axis',(0.,1.,0.));
#3452=DIRECTION('ref_axis',(-1.,0.,0.));
#3453=DIRECTION('',(1.,0.,0.));
#3454=DIRECTION('',(0.,0.,1.));
#3455=DIRECTION('',(-1.,0.,0.));
#3456=DIRECTION('',(0.,0.,1.));
#3457=DIRECTION('center_axis',(1.,-7.73690385210121E-15,0.));
#3458=DIRECTION('ref_axis',(7.73690385210121E-15,1.,0.));
#3459=DIRECTION('',(0.,0.,-1.));
#3460=DIRECTION('',(7.73690385210121E-15,1.,0.));
#3461=DIRECTION('',(0.,0.,1.));
#3462=DIRECTION('',(7.73690385210121E-15,1.,0.));
#3463=DIRECTION('center_axis',(1.,-7.73690385210121E-15,0.));
#3464=DIRECTION('ref_axis',(7.73690385210121E-15,1.,0.));
#3465=DIRECTION('',(0.,0.,1.));
#3466=DIRECTION('',(-7.73690385210121E-15,-1.,0.));
#3467=DIRECTION('',(7.73690385210121E-15,1.,0.));
#3468=DIRECTION('center_axis',(0.,0.,1.));
#3469=DIRECTION('ref_axis',(1.,0.,0.));
#3470=DIRECTION('',(1.,-2.60224404233694E-16,0.));
#3471=DIRECTION('',(-1.,-3.70418250945291E-11,0.));
#3472=DIRECTION('',(4.35053499063376E-15,1.,0.));
#3473=DIRECTION('',(1.,-2.60224404233694E-16,0.));
#3474=DIRECTION('',(-7.81205544239998E-15,-1.,0.));
#3475=DIRECTION('',(1.,-8.24564764210645E-15,0.));
#3476=DIRECTION('center_axis',(-1.,7.81205544239998E-15,0.));
#3477=DIRECTION('ref_axis',(-7.81205544239998E-15,-1.,0.));
#3478=DIRECTION('',(0.,0.,1.));
#3479=DIRECTION('',(-7.81205544239998E-15,-1.,0.));
#3480=DIRECTION('',(0.,0.,1.));
#3481=DIRECTION('center_axis',(-3.70418250945291E-11,1.,0.));
#3482=DIRECTION('ref_axis',(-1.,-3.70418250945291E-11,0.));
#3483=DIRECTION('',(0.,0.,1.));
#3484=DIRECTION('center_axis',(-1.,-4.48530366223465E-14,0.));
#3485=DIRECTION('ref_axis',(4.48530366223465E-14,-1.,0.));
#3486=DIRECTION('',(0.,0.,-1.));
#3487=DIRECTION('',(4.48530366223465E-14,-1.,0.));
#3488=DIRECTION('',(-4.48530366223465E-14,1.,0.));
#3489=DIRECTION('center_axis',(-8.24564764210645E-15,-1.,0.));
#3490=DIRECTION('ref_axis',(1.,-8.24564764210645E-15,0.));
#3491=DIRECTION('',(1.,-8.24564764210645E-15,0.));
#3492=DIRECTION('center_axis',(0.,0.,1.));
#3493=DIRECTION('ref_axis',(1.,0.,0.));
#3494=DIRECTION('',(-1.,2.66420223382115E-16,0.));
#3495=DIRECTION('center_axis',(2.66420223382115E-16,1.,0.));
#3496=DIRECTION('ref_axis',(-1.,2.66420223382115E-16,0.));
#3497=DIRECTION('',(-1.,2.66420223382115E-16,0.));
#3498=DIRECTION('',(0.,0.,1.));
#3499=DIRECTION('',(-1.,2.66420223382115E-16,0.));
#3500=DIRECTION('',(0.,0.,1.));
#3501=DIRECTION('',(-1.,2.66420223382115E-16,0.));
#3502=DIRECTION('center_axis',(-2.60224404233694E-16,-1.,0.));
#3503=DIRECTION('ref_axis',(1.,-2.60224404233694E-16,0.));
#3504=DIRECTION('',(1.,-2.60224404233694E-16,0.));
#3505=DIRECTION('',(0.,0.,1.));
#3506=DIRECTION('',(1.,-2.60224404233694E-16,0.));
#3507=DIRECTION('',(0.,0.,1.));
#3508=DIRECTION('',(1.,-2.60224404233694E-16,0.));
#3509=DIRECTION('',(0.,0.,-1.));
#3510=DIRECTION('center_axis',(-1.,4.35053499063376E-15,0.));
#3511=DIRECTION('ref_axis',(-4.35053499063376E-15,-1.,0.));
#3512=DIRECTION('center_axis',(-0.900696195068698,0.,0.434449495555892));
#3513=DIRECTION('ref_axis',(-0.434449495555892,0.,-0.900696195068698));
#3514=DIRECTION('',(0.434449495555892,-4.18586727139889E-16,0.900696195068698));
#3515=DIRECTION('',(0.,-1.,0.));
#3516=DIRECTION('',(-0.434449495555892,4.69480701742942E-16,-0.900696195068698));
#3517=DIRECTION('',(0.,-1.,0.));
#3518=DIRECTION('center_axis',(0.,0.,1.));
#3519=DIRECTION('ref_axis',(-1.,0.,0.));
#3520=DIRECTION('',(1.,-9.6348765833942E-16,0.));
#3521=DIRECTION('',(-1.,1.08063355245062E-15,0.));
#3522=DIRECTION('',(0.,-1.,0.));
#3523=DIRECTION('center_axis',(0.707106781186548,0.,0.707106781186548));
#3524=DIRECTION('ref_axis',(-0.707106781186548,0.,0.707106781186548));
#3525=DIRECTION('',(0.707106781186548,-6.81288656801352E-16,-0.707106781186548));
#3526=DIRECTION('',(-0.707106781186548,7.64123312915539E-16,0.707106781186548));
#3527=DIRECTION('',(0.,-1.,0.));
#3528=DIRECTION('center_axis',(1.,0.,0.));
#3529=DIRECTION('ref_axis',(0.,0.,1.));
#3530=DIRECTION('',(0.,0.,-1.));
#3531=DIRECTION('',(0.,0.,1.));
#3532=DIRECTION('',(0.,-1.,0.));
#3533=DIRECTION('center_axis',(0.0905357460425183,0.,-0.995893206467704));
#3534=DIRECTION('ref_axis',(0.995893206467704,0.,0.0905357460425183));
#3535=DIRECTION('',(-0.995893206467704,9.59530813455705E-16,-0.0905357460425183));
#3536=DIRECTION('',(0.995893206467704,-1.07619561356663E-15,0.0905357460425183));
#3537=DIRECTION('',(0.,-1.,0.));
#3538=DIRECTION('center_axis',(0.996369265113013,0.,-0.0851368753135427));
#3539=DIRECTION('ref_axis',(0.0851368753135427,0.,0.996369265113013));
#3540=DIRECTION('',(-0.0851368753135427,8.20283286341805E-17,-0.996369265113013));
#3541=DIRECTION('',(0.0851368753135427,-9.20017640146188E-17,0.996369265113013));
#3542=DIRECTION('',(0.,-1.,0.));
#3543=DIRECTION('center_axis',(0.155386078189884,0.,0.987853818489744));
#3544=DIRECTION('ref_axis',(-0.987853818489744,0.,0.155386078189884));
#3545=DIRECTION('',(0.987853818489744,-9.51784962358337E-16,-0.155386078189884));
#3546=DIRECTION('',(-0.987853818489744,1.06750798117648E-15,0.155386078189884));
#3547=DIRECTION('',(0.,-1.,0.));
#3548=DIRECTION('center_axis',(-0.287347885566345,0.,0.957826285221152));
#3549=DIRECTION('ref_axis',(-0.957826285221151,0.,-0.287347885566345));
#3550=DIRECTION('',(0.957826285221151,-9.22853804643673E-16,0.287347885566345));
#3551=DIRECTION('',(-0.957826285221152,1.03505922122911E-15,-0.287347885566345));
#3552=DIRECTION('',(0.,-1.,0.));
#3553=DIRECTION('center_axis',(-0.923076923076923,0.,0.384615384615385));
#3554=DIRECTION('ref_axis',(-0.384615384615385,0.,-0.923076923076923));
#3555=DIRECTION('',(0.384615384615385,-3.70572176284392E-16,0.923076923076923));
#3556=DIRECTION('',(-0.384615384615385,4.15628289404083E-16,-0.923076923076923));
#3557=DIRECTION('',(0.,-1.,0.));
#3558=DIRECTION('center_axis',(-1.,0.,0.));
#3559=DIRECTION('ref_axis',(0.,0.,-1.));
#3560=DIRECTION('',(0.,0.,1.));
#3561=DIRECTION('',(0.,0.,-1.));
#3562=DIRECTION('',(0.,-1.,0.));
#3563=DIRECTION('center_axis',(-0.957826285221151,0.,-0.287347885566345));
#3564=DIRECTION('ref_axis',(0.287347885566345,0.,-0.957826285221151));
#3565=DIRECTION('',(-0.287347885566345,2.76856141393102E-16,0.957826285221151));
#3566=DIRECTION('',(0.287347885566345,-3.10517766368733E-16,-0.957826285221151));
#3567=DIRECTION('',(0.,-1.,0.));
#3568=DIRECTION('center_axis',(-0.707106781186548,0.,-0.707106781186548));
#3569=DIRECTION('ref_axis',(0.707106781186548,0.,-0.707106781186548));
#3570=DIRECTION('',(-0.707106781186548,6.81288656801352E-16,0.707106781186548));
#3571=DIRECTION('',(0.707106781186548,-7.64123312915539E-16,-0.707106781186548));
#3572=DIRECTION('',(0.,-1.,0.));
#3573=DIRECTION('center_axis',(-0.164398987305357,0.,-0.986393923832144));
#3574=DIRECTION('ref_axis',(0.986393923832144,0.,-0.164398987305357));
#3575=DIRECTION('',(-0.986393923832144,9.50378371873265E-16,0.164398987305357));
#3576=DIRECTION('',(0.986393923832144,-1.06593037002643E-15,-0.164398987305357));
#3577=DIRECTION('',(0.,-1.,0.));
#3578=DIRECTION('center_axis',(0.316227766016838,0.,-0.948683298050514));
#3579=DIRECTION('ref_axis',(0.948683298050514,0.,0.316227766016838));
#3580=DIRECTION('',(-0.948683298050514,9.14044649344408E-16,-0.316227766016838));
#3581=DIRECTION('',(0.948683298050514,-1.02517900252289E-15,0.316227766016838));
#3582=DIRECTION('',(0.,-1.,0.));
#3583=DIRECTION('center_axis',(0.540684969146675,0.,-0.841225156625061));
#3584=DIRECTION('ref_axis',(0.841225156625061,0.,0.540684969146675));
#3585=DIRECTION('',(-0.841225156625061,8.10510056292892E-16,-0.540684969146675));
#3586=DIRECTION('',(0.841225156625061,-9.09056129414565E-16,0.540684969146675));
#3587=DIRECTION('',(0.,-1.,0.));
#3588=DIRECTION('center_axis',(1.,0.,-1.790856569815E-15));
#3589=DIRECTION('ref_axis',(1.790856569815E-15,0.,1.));
#3590=DIRECTION('',(-1.790856569815E-15,1.72546820287282E-30,-1.));
#3591=DIRECTION('',(1.790856569815E-15,-1.9352596969687E-30,1.));
#3592=DIRECTION('',(0.,-1.,0.));
#3593=DIRECTION('center_axis',(0.743294146247168,0.,-0.668964731622448));
#3594=DIRECTION('ref_axis',(0.668964731622448,0.,0.743294146247168));
#3595=DIRECTION('',(-0.668964731622448,6.44539262782571E-16,-0.743294146247168));
#3596=DIRECTION('',(0.668964731622448,-7.22905734397338E-16,0.743294146247168));
#3597=DIRECTION('',(0.,-1.,0.));
#3598=DIRECTION('center_axis',(0.,0.,-1.));
#3599=DIRECTION('ref_axis',(1.,0.,0.));
#3600=DIRECTION('',(-1.,9.6348765833942E-16,0.));
#3601=DIRECTION('',(1.,-1.08063355245062E-15,0.));
#3602=DIRECTION('',(0.,-1.,0.));
#3603=DIRECTION('center_axis',(-0.668964731622449,0.,-0.743294146247167));
#3604=DIRECTION('ref_axis',(0.743294146247167,0.,-0.668964731622449));
#3605=DIRECTION('',(-0.743294146247167,7.16154736425082E-16,0.668964731622449));
#3606=DIRECTION('',(0.743294146247167,-8.03228593774823E-16,-0.668964731622449));
#3607=DIRECTION('',(0.,-1.,0.));
#3608=DIRECTION('center_axis',(-0.95577900872195,0.,0.294085848837523));
#3609=DIRECTION('ref_axis',(-0.294085848837523,0.,-0.95577900872195));
#3610=DIRECTION('',(0.294085848837523,-2.83348085847226E-16,0.95577900872195));
#3611=DIRECTION('',(-0.294085848837523,3.17799035554747E-16,-0.95577900872195));
#3612=DIRECTION('',(0.,-1.,0.));
#3613=DIRECTION('center_axis',(-0.743294146247166,0.,0.66896473162245));
#3614=DIRECTION('ref_axis',(-0.66896473162245,0.,-0.743294146247166));
#3615=DIRECTION('',(0.66896473162245,-6.44539262782573E-16,0.743294146247166));
#3616=DIRECTION('',(-0.66896473162245,7.2290573439734E-16,-0.743294146247166));
#3617=DIRECTION('',(0.,-1.,0.));
#3618=DIRECTION('center_axis',(-0.384615384615385,0.,0.923076923076923));
#3619=DIRECTION('ref_axis',(-0.923076923076923,0.,-0.384615384615385));
#3620=DIRECTION('',(0.923076923076923,-8.89373223082542E-16,0.384615384615385));
#3621=DIRECTION('',(-0.923076923076923,9.97507894569799E-16,-0.384615384615385));
#3622=DIRECTION('',(0.,-1.,0.));
#3623=DIRECTION('center_axis',(0.,0.,1.));
#3624=DIRECTION('ref_axis',(-1.,0.,0.));
#3625=DIRECTION('',(1.,-9.6348765833942E-16,0.));
#3626=DIRECTION('',(-1.,1.08063355245062E-15,0.));
#3627=DIRECTION('',(0.,-1.,0.));
#3628=DIRECTION('center_axis',(0.358039459038586,0.,0.933706455890371));
#3629=DIRECTION('ref_axis',(-0.93370645589037,0.,0.358039459038586));
#3630=DIRECTION('',(0.933706455890371,-8.99614646762213E-16,-0.358039459038586));
#3631=DIRECTION('',(-0.93370645589037,1.00899452437488E-15,0.358039459038586));
#3632=DIRECTION('',(0.,-1.,0.));
#3633=DIRECTION('center_axis',(0.768221279597376,0.,0.64018439966448));
#3634=DIRECTION('ref_axis',(-0.64018439966448,0.,0.768221279597376));
#3635=DIRECTION('',(0.64018439966448,-6.16809768138158E-16,-0.768221279597376));
#3636=DIRECTION('',(-0.64018439966448,6.91804742032892E-16,0.768221279597376));
#3637=DIRECTION('',(0.,-1.,0.));
#3638=DIRECTION('center_axis',(0.95577900872195,0.,0.294085848837523));
#3639=DIRECTION('ref_axis',(-0.294085848837523,0.,0.95577900872195));
#3640=DIRECTION('',(0.294085848837523,-2.83348085847226E-16,-0.95577900872195));
#3641=DIRECTION('',(-0.294085848837523,3.17799035554747E-16,0.95577900872195));
#3642=DIRECTION('',(0.,-1.,0.));
#3643=DIRECTION('center_axis',(1.,0.,0.));
#3644=DIRECTION('ref_axis',(0.,0.,1.));
#3645=DIRECTION('',(0.,0.,-1.));
#3646=DIRECTION('',(0.,0.,1.));
#3647=DIRECTION('',(0.,-1.,0.));
#3648=DIRECTION('center_axis',(0.924678098474716,0.,-0.380749805254295));
#3649=DIRECTION('ref_axis',(0.380749805254295,0.,0.924678098474716));
#3650=DIRECTION('',(-0.380749805254295,3.66847738277651E-16,-0.924678098474716));
#3651=DIRECTION('',(0.380749805254295,-4.11451014646828E-16,0.924678098474716));
#3652=DIRECTION('',(0.,-1.,0.));
#3653=DIRECTION('center_axis',(0.64018439966448,0.,-0.768221279597376));
#3654=DIRECTION('ref_axis',(0.768221279597376,0.,0.64018439966448));
#3655=DIRECTION('',(-0.768221279597376,7.40171721765789E-16,-0.64018439966448));
#3656=DIRECTION('',(0.768221279597376,-8.3016569043947E-16,0.64018439966448));
#3657=DIRECTION('',(0.,-1.,0.));
#3658=DIRECTION('center_axis',(0.196116135138184,0.,-0.98058067569092));
#3659=DIRECTION('ref_axis',(0.98058067569092,0.,0.196116135138184));
#3660=DIRECTION('',(-0.98058067569092,9.44777379034331E-16,-0.196116135138184));
#3661=DIRECTION('',(0.98058067569092,-1.0596483790363E-15,0.196116135138184));
#3662=DIRECTION('',(0.,-1.,0.));
#3663=DIRECTION('center_axis',(-0.0792459345739262,0.,-0.996855095715273));
#3664=DIRECTION('ref_axis',(0.996855095715272,0.,-0.0792459345739262));
#3665=DIRECTION('',(-0.996855095715272,9.60457581874426E-16,0.0792459345739262));
#3666=DIRECTION('',(0.996855095715273,-1.07723506336129E-15,-0.0792459345739262));
#3667=DIRECTION('',(0.,-1.,0.));
#3668=DIRECTION('center_axis',(-0.509143808925626,0.,-0.860681463627924));
#3669=DIRECTION('ref_axis',(0.860681463627924,0.,-0.509143808925626));
#3670=DIRECTION('',(-0.860681463627924,8.29255967967013E-16,0.509143808925626));
#3671=DIRECTION('',(0.860681463627924,-9.30081267568639E-16,-0.509143808925626));
#3672=DIRECTION('',(0.,-1.,0.));
#3673=DIRECTION('center_axis',(-1.,0.,0.));
#3674=DIRECTION('ref_axis',(0.,0.,-1.));
#3675=DIRECTION('',(0.,0.,1.));
#3676=DIRECTION('',(0.,0.,-1.));
#3677=DIRECTION('center_axis',(0.,-1.,0.));
#3678=DIRECTION('ref_axis',(-1.,0.,0.));
#3679=DIRECTION('center_axis',(-1.08063355245062E-15,-1.,0.));
#3680=DIRECTION('ref_axis',(-1.,0.,0.));
#3681=DIRECTION('',(0.,-1.,0.));
#3682=DIRECTION('center_axis',(9.6348765833942E-16,1.,0.));
#3683=DIRECTION('ref_axis',(-1.,0.,0.));
#3684=DIRECTION('center_axis',(-8.45240893384206E-16,0.,1.));
#3685=DIRECTION('ref_axis',(-1.,0.,-8.45240893384206E-16));
#3686=DIRECTION('',(1.,-9.6348765833942E-16,8.45240893384206E-16));
#3687=DIRECTION('',(0.,-1.,0.));
#3688=DIRECTION('',(-1.,1.08063355245062E-15,-8.45240893384206E-16));
#3689=DIRECTION('',(0.,-1.,0.));
#3690=DIRECTION('center_axis',(-1.,0.,-2.38530193601972E-16));
#3691=DIRECTION('ref_axis',(2.38530193601972E-16,0.,-1.));
#3692=DIRECTION('',(-2.38530193601972E-16,2.29820897676812E-31,1.));
#3693=DIRECTION('',(2.38530193601972E-16,-2.57763730478832E-31,-1.));
#3694=DIRECTION('',(0.,-1.,0.));
#3695=DIRECTION('center_axis',(0.,0.,1.));
#3696=DIRECTION('ref_axis',(-1.,0.,0.));
#3697=DIRECTION('',(1.,-9.6348765833942E-16,0.));
#3698=DIRECTION('',(-1.,1.08063355245062E-15,0.));
#3699=DIRECTION('',(0.,-1.,0.));
#3700=DIRECTION('center_axis',(1.,0.,1.99127895041545E-16));
#3701=DIRECTION('ref_axis',(-1.99127895041545E-16,0.,1.));
#3702=DIRECTION('',(1.99127895041545E-16,-1.91857269303636E-31,-1.));
#3703=DIRECTION('',(-1.99127895041545E-16,2.15184284610758E-31,1.));
#3704=DIRECTION('',(0.,-1.,0.));
#3705=DIRECTION('center_axis',(6.2032332309755E-16,0.,-1.));
#3706=DIRECTION('ref_axis',(1.,0.,6.2032332309755E-16));
#3707=DIRECTION('',(-1.,9.6348765833942E-16,-6.2032332309755E-16));
#3708=DIRECTION('',(1.,-1.08063355245062E-15,6.2032332309755E-16));
#3709=DIRECTION('',(0.,-1.,0.));
#3710=DIRECTION('center_axis',(-1.,0.,-1.20546305903882E-14));
#3711=DIRECTION('ref_axis',(1.20546305903882E-14,0.,-1.));
#3712=DIRECTION('',(-1.20546305903882E-14,1.16144877996798E-29,1.));
#3713=DIRECTION('',(1.20546305903882E-14,-1.3026638278371E-29,-1.));
#3714=DIRECTION('center_axis',(-2.49768959420733E-16,-4.99600361081327E-15,
1.));
#3715=DIRECTION('ref_axis',(-6.3072718074415E-17,1.,4.99600361081327E-15));
#3716=DIRECTION('',(5.78774968037008E-16,1.,4.99600361081327E-15));
#3717=DIRECTION('',(-1.,0.,-2.49768959420733E-16));
#3718=DIRECTION('',(-5.20448808467387E-16,-1.,-4.99600361081327E-15));
#3719=DIRECTION('',(-1.,0.,-2.49768959420733E-16));
#3720=DIRECTION('center_axis',(-1.87839723872695E-30,1.,7.52053915379778E-15));
#3721=DIRECTION('ref_axis',(-7.05050545668531E-16,7.52053915379778E-15,
-1.));
#3722=DIRECTION('',(4.35269980836037E-30,7.52053915379778E-15,-1.));
#3723=DIRECTION('',(-3.91405564162638E-30,-7.52053915379778E-15,1.));
#3724=DIRECTION('',(-1.,0.,-2.49768959420733E-16));
#3725=DIRECTION('center_axis',(-1.,0.,-2.49768959420733E-16));
#3726=DIRECTION('ref_axis',(-2.49768959420733E-16,-3.94745964311172E-15,
1.));
#3727=DIRECTION('center_axis',(-1.,5.78774968037008E-16,0.));
#3728=DIRECTION('ref_axis',(-2.49768959420733E-16,-3.94745964311172E-15,
1.));
#3729=DIRECTION('',(-1.,0.,-2.49768959420733E-16));
#3730=DIRECTION('center_axis',(1.,-5.20448808467387E-16,0.));
#3731=DIRECTION('ref_axis',(-2.49768959420733E-16,-3.94745964311172E-15,
1.));
#3732=DIRECTION('center_axis',(1.41977215787808E-30,-1.,-5.68434188608077E-15));
#3733=DIRECTION('ref_axis',(-2.22044604925032E-16,-5.68434188608077E-15,
1.));
#3734=DIRECTION('',(-3.28995479342782E-30,-5.68434188608077E-15,1.));
#3735=DIRECTION('',(-1.,0.,-2.49768959420733E-16));
#3736=DIRECTION('',(2.958408961532E-30,5.68434188608077E-15,-1.));
#3737=DIRECTION('center_axis',(-1.,0.,-2.49768959420733E-16));
#3738=DIRECTION('ref_axis',(1.17096540618744E-30,-1.,-4.68760832619517E-15));
#3739=DIRECTION('center_axis',(-1.,5.78774968037008E-16,0.));
#3740=DIRECTION('ref_axis',(1.17096540618744E-30,-1.,-4.68760832619517E-15));
#3741=DIRECTION('',(-1.,0.,-2.49768959420733E-16));
#3742=DIRECTION('center_axis',(-1.,-3.80156011991941E-17,-2.52884133386833E-16));
#3743=DIRECTION('ref_axis',(3.80156011991952E-17,-1.,-4.68760832619517E-15));
#3744=DIRECTION('',(-1.,0.,-2.49768959420733E-16));
#3745=DIRECTION('center_axis',(1.,-5.20448808467387E-16,0.));
#3746=DIRECTION('ref_axis',(1.17096540618744E-30,-1.,-4.68760832619517E-15));
#3747=DIRECTION('center_axis',(1.,5.96032711224603E-17,2.49800180540663E-16));
#3748=DIRECTION('ref_axis',(-5.96032711224602E-17,1.,6.25480416178754E-29));
#3749=DIRECTION('',(-5.96032711224603E-17,1.,0.));
#3750=DIRECTION('',(6.3072718074415E-17,-1.,-5.06539254985234E-15));
#3751=DIRECTION('',(9.40067394224718E-16,3.76026957689892E-15,-1.));
#3752=DIRECTION('center_axis',(-2.49768959420733E-16,-2.01858731750035E-15,
1.));
#3753=DIRECTION('ref_axis',(2.09271545616222E-15,1.,2.01858731750035E-15));
#3754=DIRECTION('',(5.78774968037008E-16,1.,2.01858731750035E-15));
#3755=DIRECTION('',(-5.20448808467387E-16,-1.,-2.01858731750035E-15));
#3756=DIRECTION('',(-1.,0.,-2.49768959420733E-16));
#3757=DIRECTION('center_axis',(2.49768959420733E-16,5.06539254985234E-15,
-1.));
#3758=DIRECTION('ref_axis',(6.3072718074415E-17,-1.,-5.06539254985234E-15));
#3759=DIRECTION('',(-5.78774968037008E-16,-1.,-5.06539254985234E-15));
#3760=DIRECTION('',(-1.,0.,-2.49768959420733E-16));
#3761=DIRECTION('center_axis',(-9.39198619363483E-31,1.,3.76026957689892E-15));
#3762=DIRECTION('ref_axis',(9.40067394224718E-16,3.76026957689892E-15,-1.));
#3763=DIRECTION('',(2.17634990418021E-30,3.76026957689892E-15,-1.));
#3764=DIRECTION('',(-1.,0.,-2.49768959420733E-16));
#3765=DIRECTION('',(-1.95702782081321E-30,-3.76026957689892E-15,1.));
#3766=DIRECTION('',(1.,9.39198619363483E-31,0.));
#3767=DIRECTION('center_axis',(2.49768959420733E-16,7.2235913049058E-15,
-1.));
#3768=DIRECTION('ref_axis',(-1.79308557532719E-15,-1.,-7.2235913049058E-15));
#3769=DIRECTION('',(-5.78774968037008E-16,-1.,-7.2235913049058E-15));
#3770=DIRECTION('',(-1.,0.,-2.49768959420733E-16));
#3771=DIRECTION('',(5.20448808467387E-16,1.,7.2235913049058E-15));
#3772=DIRECTION('center_axis',(-1.10441389284014E-30,1.,4.42174197867307E-15));
#3773=DIRECTION('ref_axis',(3.10412137159456E-30,4.42174197867307E-15,-1.));
#3774=DIRECTION('',(2.5591935723744E-30,4.42174197867307E-15,-1.));
#3775=DIRECTION('',(-2.30129034415063E-30,-4.42174197867307E-15,1.));
#3776=DIRECTION('center_axis',(0.,0.,1.));
#3777=DIRECTION('ref_axis',(1.,0.,0.));
#3778=DIRECTION('',(-5.20448808467387E-16,-1.,0.));
#3779=DIRECTION('',(-5.20448808467387E-16,-1.,0.));
#3780=DIRECTION('',(-1.,-1.21318421693684E-32,0.));
#3781=DIRECTION('',(1.71193772834412E-32,1.,0.));
#3782=DIRECTION('',(1.,0.,-2.18547839493141E-16));
#3783=DIRECTION('',(-5.20448808467387E-16,-1.,0.));
#3784=DIRECTION('',(0.707106781186547,0.707106781186548,0.));
#3785=DIRECTION('',(0.342020143325668,-0.939692620785909,0.));
#3786=DIRECTION('',(1.,-9.6348765833942E-16,0.));
#3787=DIRECTION('',(0.342020143325669,0.939692620785908,0.));
#3788=DIRECTION('',(0.707106781186547,-0.707106781186548,0.));
#3789=DIRECTION('',(0.,1.,0.));
#3790=DIRECTION('',(1.,5.46369598732853E-17,0.));
#3791=DIRECTION('',(5.55111512312584E-17,-1.,0.));
#3792=DIRECTION('',(-1.,-5.46369598732853E-17,0.));
#3793=DIRECTION('',(0.,1.,0.));
#3794=DIRECTION('center_axis',(-9.09888162702631E-32,1.,5.55111512312578E-16));
#3795=DIRECTION('ref_axis',(-1.75785312232316E-16,-5.55111512312578E-16,
1.));
#3796=DIRECTION('',(0.,-5.55111512312578E-16,1.));
#3797=DIRECTION('',(1.,0.,1.63910879619856E-16));
#3798=DIRECTION('',(0.,5.55111512312578E-16,-1.));
#3799=DIRECTION('',(1.,0.,1.63910879619856E-16));
#3800=DIRECTION('center_axis',(-1.63910879619856E-16,-5.55111512312578E-16,
1.));
#3801=DIRECTION('ref_axis',(-1.26341004351805E-31,-1.,-5.55111512312578E-16));
#3802=DIRECTION('',(0.,-1.,-5.55111512312578E-16));
#3803=DIRECTION('',(0.,1.,5.55111512312578E-16));
#3804=DIRECTION('',(1.,0.,1.63910879619856E-16));
#3805=DIRECTION('center_axis',(1.,0.,1.63910879619856E-16));
#3806=DIRECTION('ref_axis',(-1.63910879619856E-16,-5.55111512312578E-16,
1.));
#3807=DIRECTION('center_axis',(1.,0.,0.));
#3808=DIRECTION('ref_axis',(-1.63910879619856E-16,-5.55111512312578E-16,
1.));
#3809=DIRECTION('center_axis',(-1.,0.,0.));
#3810=DIRECTION('ref_axis',(-1.63910879619856E-16,-5.55111512312578E-16,
1.));
#3811=DIRECTION('',(1.,0.,1.63910879619856E-16));
#3812=DIRECTION('center_axis',(9.09888162702631E-32,-1.,-5.55111512312578E-16));
#3813=DIRECTION('ref_axis',(1.75785312232316E-16,5.55111512312578E-16,-1.));
#3814=DIRECTION('',(0.,5.55111512312578E-16,-1.));
#3815=DIRECTION('',(0.,-5.55111512312578E-16,1.));
#3816=DIRECTION('',(1.,0.,1.63910879619856E-16));
#3817=DIRECTION('center_axis',(1.,0.,1.63910879619856E-16));
#3818=DIRECTION('ref_axis',(-1.63910879619856E-16,-5.55111512312578E-16,
1.));
#3819=DIRECTION('center_axis',(1.,0.,0.));
#3820=DIRECTION('ref_axis',(-1.63910879619856E-16,-5.55111512312578E-16,
1.));
#3821=DIRECTION('center_axis',(-1.,0.,0.));
#3822=DIRECTION('ref_axis',(-1.63910879619856E-16,-5.55111512312578E-16,
1.));
#3823=DIRECTION('',(1.,0.,1.63910879619856E-16));
#3824=DIRECTION('center_axis',(1.63910879619856E-16,5.55111512312578E-16,
-1.));
#3825=DIRECTION('ref_axis',(1.26341004351805E-31,1.,5.55111512312578E-16));
#3826=DIRECTION('',(0.,1.,5.55111512312578E-16));
#3827=DIRECTION('',(0.,-1.,-5.55111512312578E-16));
#3828=DIRECTION('',(1.,0.,1.63910879619856E-16));
#3829=DIRECTION('center_axis',(-1.63910879619856E-16,-5.55111512312578E-16,
1.));
#3830=DIRECTION('ref_axis',(-1.26341004351805E-31,-1.,-5.55111512312578E-16));
#3831=DIRECTION('',(0.,-1.,-5.55111512312578E-16));
#3832=DIRECTION('',(1.,0.,1.63910879619856E-16));
#3833=DIRECTION('',(0.,1.,5.55111512312578E-16));
#3834=DIRECTION('center_axis',(-9.09888162702631E-32,1.,5.55111512312578E-16));
#3835=DIRECTION('ref_axis',(-2.3236267550527E-16,-5.55111512312578E-16,
1.));
#3836=DIRECTION('',(0.,-5.55111512312578E-16,1.));
#3837=DIRECTION('',(1.,0.,1.63910879619856E-16));
#3838=DIRECTION('',(0.,5.55111512312578E-16,-1.));
#3839=DIRECTION('center_axis',(1.63910879619856E-16,5.55111512312578E-16,
-1.));
#3840=DIRECTION('ref_axis',(1.26341004351805E-31,1.,5.55111512312578E-16));
#3841=DIRECTION('',(0.,1.,5.55111512312578E-16));
#3842=DIRECTION('',(1.,0.,1.63910879619856E-16));
#3843=DIRECTION('',(0.,-1.,-5.55111512312578E-16));
#3844=DIRECTION('center_axis',(-9.09888162702631E-32,1.,5.55111512312578E-16));
#3845=DIRECTION('ref_axis',(-1.75785312232316E-16,-5.55111512312578E-16,
1.));
#3846=DIRECTION('',(0.,-5.55111512312578E-16,1.));
#3847=DIRECTION('',(0.,5.55111512312578E-16,-1.));
#3848=DIRECTION('center_axis',(-1.,0.,0.));
#3849=DIRECTION('ref_axis',(0.,-1.,0.));
#3850=DIRECTION('',(0.,-1.,0.));
#3851=DIRECTION('',(0.,-1.,0.));
#3852=DIRECTION('',(0.,0.,1.));
#3853=DIRECTION('',(0.,-2.91420892209665E-14,-1.));
#3854=DIRECTION('',(0.,-1.,2.88657986402541E-14));
#3855=DIRECTION('',(0.,-2.87413228613751E-14,-1.));
#3856=DIRECTION('',(0.,1.,-2.8663939908504E-14));
#3857=DIRECTION('',(0.,-2.91420892209664E-14,-1.));
#3858=DIRECTION('',(0.,1.,-2.90566182226115E-14));
#3859=DIRECTION('center_axis',(1.,0.,0.));
#3860=DIRECTION('ref_axis',(-5.46369598732851E-17,1.,-2.83723661848651E-14));
#3861=DIRECTION('',(0.,2.89990254032091E-14,1.));
#3862=DIRECTION('center_axis',(1.,0.,0.));
#3863=DIRECTION('ref_axis',(-1.56365965738526E-30,2.86190824125596E-14,
1.));
#3864=DIRECTION('',(0.,-1.,2.87270207621759E-14));
#3865=DIRECTION('center_axis',(1.,0.,0.));
#3866=DIRECTION('ref_axis',(0.,1.,0.));
#3867=DIRECTION('center_axis',(-1.,0.,0.));
#3868=DIRECTION('ref_axis',(-5.46369598732851E-17,1.,-2.83723661848651E-14));
#3869=DIRECTION('',(0.,0.,1.));
#3870=DIRECTION('',(0.,1.,0.));
#3871=DIRECTION('',(0.,2.91420892209664E-14,1.));
#3872=DIRECTION('',(0.,-1.,2.8663939908504E-14));
#3873=DIRECTION('',(0.,2.87413228613751E-14,1.));
#3874=DIRECTION('',(0.,1.,-2.88657986402541E-14));
#3875=DIRECTION('',(0.,2.91420892209665E-14,1.));
#3876=DIRECTION('',(0.,1.,-2.87270207621759E-14));
#3877=DIRECTION('center_axis',(-1.,0.,0.));
#3878=DIRECTION('ref_axis',(-1.56365965738526E-30,2.86190824125596E-14,
1.));
#3879=DIRECTION('',(0.,-2.89990254032091E-14,-1.));
#3880=DIRECTION('center_axis',(1.5875652838822E-30,-2.90566182226115E-14,
-1.));
#3881=DIRECTION('ref_axis',(-5.55111512312585E-17,1.,-2.90566182226115E-14));
#3882=DIRECTION('',(1.,5.46369598732853E-17,0.));
#3883=DIRECTION('',(-5.55111512312585E-17,1.,-2.90566182226115E-14));
#3884=DIRECTION('',(1.,5.46369598732853E-17,0.));
#3885=DIRECTION('center_axis',(-1.56955708066204E-30,2.87270207621759E-14,
1.));
#3886=DIRECTION('ref_axis',(5.55111512312584E-17,-1.,2.87270207621759E-14));
#3887=DIRECTION('',(1.,5.46369598732853E-17,0.));
#3888=DIRECTION('',(1.,5.46369598732853E-17,0.));
#3889=DIRECTION('center_axis',(1.,5.46369598732853E-17,0.));
#3890=DIRECTION('ref_axis',(-1.56365965738526E-30,2.86190824125596E-14,
1.));
#3891=DIRECTION('',(1.,5.46369598732853E-17,0.));
#3892=DIRECTION('center_axis',(-5.46369598732853E-17,1.,-2.89990254032091E-14));
#3893=DIRECTION('ref_axis',(7.10542735760102E-16,2.89990254032091E-14,1.));
#3894=DIRECTION('',(1.,5.46369598732853E-17,0.));
#3895=DIRECTION('center_axis',(1.,5.46369598732853E-17,0.));
#3896=DIRECTION('ref_axis',(-5.46369598732851E-17,1.,-2.83723661848651E-14));
#3897=DIRECTION('center_axis',(1.,2.02924097278709E-15,-5.79665272109662E-29));
#3898=DIRECTION('ref_axis',(-2.02924097278709E-15,1.,-2.83723661848651E-14));
#3899=DIRECTION('center_axis',(-1.,-5.55111512312584E-17,1.96714196379565E-30));
#3900=DIRECTION('ref_axis',(5.55111512312584E-17,-1.,6.31088724176809E-30));
#3901=DIRECTION('',(6.80427444513083E-32,-2.91420892209664E-14,-1.));
#3902=DIRECTION('center_axis',(5.46369598732853E-17,-1.,2.91420892209665E-14));
#3903=DIRECTION('ref_axis',(-3.49431041855749E-31,-2.91420892209665E-14,
-1.));
#3904=DIRECTION('',(1.,5.46369598732853E-17,0.));
#3905=DIRECTION('center_axis',(5.46369598732853E-17,-1.,2.91420892209664E-14));
#3906=DIRECTION('ref_axis',(6.80427444513083E-32,-2.91420892209664E-14,
-1.));
#3907=DIRECTION('',(1.,5.46369598732853E-17,0.));
#3908=DIRECTION('center_axis',(1.5661105345912E-30,-2.8663939908504E-14,
-1.));
#3909=DIRECTION('ref_axis',(-5.55111512312584E-17,1.,-2.8663939908504E-14));
#3910=DIRECTION('',(1.,5.46369598732853E-17,0.));
#3911=DIRECTION('center_axis',(5.46369598732853E-17,-1.,2.87413228613751E-14));
#3912=DIRECTION('ref_axis',(-3.71678043851432E-31,-2.87413228613751E-14,
-1.));
#3913=DIRECTION('',(1.,5.46369598732853E-17,0.));
#3914=DIRECTION('center_axis',(-1.57713948201789E-30,2.88657986402541E-14,
1.));
#3915=DIRECTION('ref_axis',(5.55111512312584E-17,-1.,2.88657986402541E-14));
#3916=DIRECTION('center_axis',(2.18547839493141E-16,5.55111512312579E-17,
1.));
#3917=DIRECTION('ref_axis',(-9.14983579794021E-46,1.,-5.55111512312579E-17));
#3918=DIRECTION('',(5.78774968037008E-16,1.,-5.55111512312581E-17));
#3919=DIRECTION('',(-1.,0.,2.18547839493141E-16));
#3920=DIRECTION('',(-5.20448808467387E-16,-1.,5.5511151231258E-17));
#3921=DIRECTION('',(-1.,0.,2.18547839493141E-16));
#3922=DIRECTION('center_axis',(1.21318421693684E-32,-1.,5.55111512312579E-17));
#3923=DIRECTION('ref_axis',(3.08395284618099E-16,5.55111512312579E-17,1.));
#3924=DIRECTION('',(3.21284647795688E-32,5.55111512312579E-17,1.));
#3925=DIRECTION('',(-2.88907125149611E-32,-5.55111512312579E-17,-1.));
#3926=DIRECTION('',(-1.,0.,2.18547839493141E-16));
#3927=DIRECTION('center_axis',(1.21318421693684E-32,-1.,5.55111512312579E-17));
#3928=DIRECTION('ref_axis',(6.51590101355725E-45,5.55111512312579E-17,1.));
#3929=DIRECTION('',(3.21284647795688E-32,5.55111512312579E-17,1.));
#3930=DIRECTION('',(-1.,0.,2.18547839493141E-16));
#3931=DIRECTION('',(-2.88907125149611E-32,-5.55111512312579E-17,-1.));
#3932=DIRECTION('center_axis',(-2.18547839493141E-16,-5.55111512312579E-17,
-1.));
#3933=DIRECTION('ref_axis',(9.14983579794021E-46,-1.,5.55111512312579E-17));
#3934=DIRECTION('',(-5.78774968037008E-16,-1.,5.55111512312581E-17));
#3935=DIRECTION('',(-1.,0.,2.18547839493141E-16));
#3936=DIRECTION('',(5.20448808467387E-16,1.,-5.5511151231258E-17));
#3937=DIRECTION('center_axis',(1.21318421693684E-32,-1.,5.55111512312579E-17));
#3938=DIRECTION('ref_axis',(3.08395284618099E-16,5.55111512312579E-17,1.));
#3939=DIRECTION('',(3.21284647795688E-32,5.55111512312579E-17,1.));
#3940=DIRECTION('',(-1.,0.,2.18547839493141E-16));
#3941=DIRECTION('',(3.08395284618099E-16,5.55111512312579E-17,1.));
#3942=DIRECTION('',(-2.88907125149611E-32,-5.55111512312579E-17,-1.));
#3943=DIRECTION('center_axis',(-1.,1.71193772834412E-32,3.08395284618099E-16));
#3944=DIRECTION('ref_axis',(3.08395284618099E-16,5.55111512312579E-17,1.));
#3945=DIRECTION('',(9.14983579794021E-46,-1.,5.55111512312579E-17));
#3946=DIRECTION('center_axis',(-1.,1.71193772834412E-32,3.08395284618099E-16));
#3947=DIRECTION('ref_axis',(3.08395284618099E-16,5.55111512312579E-17,1.));
#3948=DIRECTION('center_axis',(2.18547839493141E-16,5.55111512312579E-17,
1.));
#3949=DIRECTION('ref_axis',(-9.14983579794021E-46,1.,-5.55111512312579E-17));
#3950=DIRECTION('',(5.78774968037008E-16,1.,-5.55111512312581E-17));
#3951=DIRECTION('',(-5.20448808467387E-16,-1.,5.5511151231258E-17));
#3952=DIRECTION('',(-1.,0.,2.18547839493141E-16));
#3953=DIRECTION('center_axis',(-2.18547839493141E-16,-5.55111512312579E-17,
-1.));
#3954=DIRECTION('ref_axis',(9.14983579794021E-46,-1.,5.55111512312579E-17));
#3955=DIRECTION('',(-5.78774968037008E-16,-1.,5.55111512312581E-17));
#3956=DIRECTION('',(-1.,0.,2.18547839493141E-16));
#3957=DIRECTION('center_axis',(-1.,0.,2.18547839493141E-16));
#3958=DIRECTION('ref_axis',(2.18547839493141E-16,5.55111512312579E-17,1.));
#3959=DIRECTION('center_axis',(-1.,5.78774968037008E-16,0.));
#3960=DIRECTION('ref_axis',(2.18547839493141E-16,5.55111512312579E-17,1.));
#3961=DIRECTION('',(-1.,0.,2.18547839493141E-16));
#3962=DIRECTION('center_axis',(1.,-5.20448808467387E-16,0.));
#3963=DIRECTION('ref_axis',(2.18547839493141E-16,5.55111512312579E-17,1.));
#3964=DIRECTION('center_axis',(-1.21318421693684E-32,1.,-5.55111512312579E-17));
#3965=DIRECTION('ref_axis',(-3.08395284618099E-16,-5.55111512312579E-17,
-1.));
#3966=DIRECTION('',(-3.21284647795688E-32,-5.55111512312579E-17,-1.));
#3967=DIRECTION('',(-1.,0.,2.18547839493141E-16));
#3968=DIRECTION('',(2.88907125149611E-32,5.55111512312579E-17,1.));
#3969=DIRECTION('center_axis',(-1.,0.,2.18547839493141E-16));
#3970=DIRECTION('ref_axis',(2.18547839493141E-16,5.55111512312579E-17,1.));
#3971=DIRECTION('center_axis',(-1.,5.78774968037008E-16,0.));
#3972=DIRECTION('ref_axis',(2.18547839493141E-16,5.55111512312579E-17,1.));
#3973=DIRECTION('center_axis',(1.,-5.20448808467387E-16,0.));
#3974=DIRECTION('ref_axis',(2.18547839493141E-16,5.55111512312579E-17,1.));
#3975=DIRECTION('center_axis',(1.,-5.78774968037008E-16,0.));
#3976=DIRECTION('ref_axis',(5.78774968037008E-16,1.,0.));
#3977=DIRECTION('',(5.78774968037008E-16,1.,0.));
#3978=DIRECTION('',(0.,0.,1.));
#3979=DIRECTION('',(5.78774968037008E-16,1.,0.));
#3980=DIRECTION('center_axis',(-0.939692620785909,-0.342020143325668,0.));
#3981=DIRECTION('ref_axis',(0.342020143325668,-0.939692620785909,0.));
#3982=DIRECTION('',(0.,0.,1.));
#3983=DIRECTION('',(0.342020143325668,-0.939692620785909,0.));
#3984=DIRECTION('',(0.,0.,1.));
#3985=DIRECTION('center_axis',(0.707106781186548,-0.707106781186547,0.));
#3986=DIRECTION('ref_axis',(0.707106781186547,0.707106781186548,0.));
#3987=DIRECTION('',(0.,0.,1.));
#3988=DIRECTION('',(0.707106781186547,0.707106781186548,0.));
#3989=DIRECTION('center_axis',(-1.,5.20448808467387E-16,0.));
#3990=DIRECTION('ref_axis',(-5.20448808467387E-16,-1.,0.));
#3991=DIRECTION('',(-5.20448808467387E-16,-1.,0.));
#3992=DIRECTION('center_axis',(-9.6348765833942E-16,-1.,0.));
#3993=DIRECTION('ref_axis',(1.,-9.6348765833942E-16,0.));
#3994=DIRECTION('',(1.,-9.6348765833942E-16,0.));
#3995=DIRECTION('',(0.,0.,1.));
#3996=DIRECTION('center_axis',(0.939692620785908,-0.342020143325669,0.));
#3997=DIRECTION('ref_axis',(0.342020143325669,0.939692620785908,0.));
#3998=DIRECTION('',(0.342020143325669,0.939692620785908,0.));
#3999=DIRECTION('',(0.,0.,1.));
#4000=DIRECTION('center_axis',(-0.707106781186548,-0.707106781186547,0.));
#4001=DIRECTION('ref_axis',(0.707106781186547,-0.707106781186548,0.));
#4002=DIRECTION('',(0.707106781186547,-0.707106781186548,0.));
#4003=DIRECTION('center_axis',(0.707106781186548,0.707106781186547,0.));
#4004=DIRECTION('ref_axis',(-0.707106781186547,0.707106781186548,0.));
#4005=DIRECTION('',(0.707106781186547,-0.707106781186548,0.));
#4006=DIRECTION('',(-0.707106781186547,0.707106781186548,0.));
#4007=DIRECTION('',(0.,0.,1.));
#4008=DIRECTION('center_axis',(-0.939692620785908,0.342020143325669,0.));
#4009=DIRECTION('ref_axis',(-0.342020143325669,-0.939692620785908,0.));
#4010=DIRECTION('',(0.342020143325669,0.939692620785908,0.));
#4011=DIRECTION('',(-0.342020143325669,-0.939692620785908,0.));
#4012=DIRECTION('',(0.,0.,1.));
#4013=DIRECTION('center_axis',(1.08063355245062E-15,1.,0.));
#4014=DIRECTION('ref_axis',(-1.,1.08063355245062E-15,0.));
#4015=DIRECTION('',(1.,-1.08063355245062E-15,0.));
#4016=DIRECTION('',(-1.,1.08063355245062E-15,0.));
#4017=DIRECTION('',(0.,0.,1.));
#4018=DIRECTION('center_axis',(0.939692620785909,0.342020143325668,0.));
#4019=DIRECTION('ref_axis',(-0.342020143325668,0.939692620785909,0.));
#4020=DIRECTION('',(-0.342020143325668,0.939692620785909,0.));
#4021=DIRECTION('',(-0.342020143325668,0.939692620785909,0.));
#4022=DIRECTION('',(0.,0.,1.));
#4023=DIRECTION('center_axis',(-0.707106781186548,0.707106781186547,0.));
#4024=DIRECTION('ref_axis',(-0.707106781186547,-0.707106781186548,0.));
#4025=DIRECTION('',(-0.707106781186547,-0.707106781186548,0.));
#4026=DIRECTION('',(-0.707106781186547,-0.707106781186548,0.));
#4027=DIRECTION('center_axis',(0.,0.,1.));
#4028=DIRECTION('ref_axis',(1.,0.,0.));
#4029=DIRECTION('center_axis',(0.,0.,1.));
#4030=DIRECTION('ref_axis',(1.,0.,0.));
#4031=DIRECTION('center_axis',(1.,-5.78774968037008E-16,0.));
#4032=DIRECTION('ref_axis',(5.78774968037008E-16,1.,0.));
#4033=DIRECTION('center_axis',(1.,-5.78774968037008E-16,0.));
#4034=DIRECTION('ref_axis',(-2.18547839493141E-16,-5.55111512312579E-17,
-1.));
#4035=DIRECTION('center_axis',(-1.,5.20448808467387E-16,0.));
#4036=DIRECTION('ref_axis',(-5.20448808467387E-16,-1.,0.));
#4037=DIRECTION('center_axis',(-1.,5.20448808467387E-16,0.));
#4038=DIRECTION('ref_axis',(-2.18547839493141E-16,-5.55111512312579E-17,
-1.));
#4039=DIRECTION('center_axis',(-1.,0.,2.18547839493141E-16));
#4040=DIRECTION('ref_axis',(-2.18547839493141E-16,-5.55111512312579E-17,
-1.));
#4041=DIRECTION('',(-1.,0.,2.18547839493141E-16));
#4042=DIRECTION('center_axis',(-1.,0.,2.18547839493141E-16));
#4043=DIRECTION('ref_axis',(-2.18547839493141E-16,-5.55111512312579E-17,
-1.));
#4044=DIRECTION('center_axis',(1.,-5.78774968037008E-16,0.));
#4045=DIRECTION('ref_axis',(-2.18547839493141E-16,-5.55111512312579E-17,
-1.));
#4046=DIRECTION('',(-1.,0.,2.18547839493141E-16));
#4047=DIRECTION('center_axis',(-1.,5.20448808467387E-16,0.));
#4048=DIRECTION('ref_axis',(-2.18547839493141E-16,-5.55111512312579E-17,
-1.));
#4049=DIRECTION('center_axis',(-1.,5.20448808467387E-16,0.));
#4050=DIRECTION('ref_axis',(-5.20448808467387E-16,-1.,0.));
#4051=DIRECTION('center_axis',(1.,-5.78774968037008E-16,0.));
#4052=DIRECTION('ref_axis',(5.78774968037008E-16,1.,0.));
#4053=DIRECTION('center_axis',(1.,-5.78774968037008E-16,0.));
#4054=DIRECTION('ref_axis',(5.78774968037008E-16,1.,0.));
#4055=DIRECTION('center_axis',(1.,-5.78774968037008E-16,0.));
#4056=DIRECTION('ref_axis',(-2.18547839493141E-16,-5.55111512312579E-17,
-1.));
#4057=DIRECTION('center_axis',(-1.,5.20448808467387E-16,0.));
#4058=DIRECTION('ref_axis',(-5.20448808467387E-16,-1.,0.));
#4059=DIRECTION('center_axis',(-1.,5.20448808467387E-16,0.));
#4060=DIRECTION('ref_axis',(-2.18547839493141E-16,-5.55111512312579E-17,
-1.));
#4061=DIRECTION('center_axis',(-1.,0.,2.18547839493141E-16));
#4062=DIRECTION('ref_axis',(-2.18547839493141E-16,-5.55111512312579E-17,
-1.));
#4063=DIRECTION('',(-1.,0.,2.18547839493141E-16));
#4064=DIRECTION('center_axis',(-1.,0.,0.));
#4065=DIRECTION('ref_axis',(0.,-1.,0.));
#4066=DIRECTION('center_axis',(-1.,0.,0.));
#4067=DIRECTION('ref_axis',(5.46369598732853E-17,-1.,6.31088724176809E-30));
#4068=DIRECTION('center_axis',(1.,0.,0.));
#4069=DIRECTION('ref_axis',(0.,1.,0.));
#4070=DIRECTION('center_axis',(1.,0.,0.));
#4071=DIRECTION('ref_axis',(5.46369598732853E-17,-1.,6.31088724176809E-30));
#4072=DIRECTION('center_axis',(1.,5.46369598732853E-17,0.));
#4073=DIRECTION('ref_axis',(5.46369598732853E-17,-1.,6.31088724176809E-30));
#4074=DIRECTION('',(1.,5.46369598732853E-17,0.));
#4075=DIRECTION('center_axis',(1.,5.46369598732853E-17,0.));
#4076=DIRECTION('ref_axis',(5.46369598732853E-17,-1.,6.31088724176809E-30));
#4077=DIRECTION('center_axis',(-1.,0.,0.));
#4078=DIRECTION('ref_axis',(5.46369598732853E-17,-1.,6.31088724176809E-30));
#4079=DIRECTION('',(1.,5.46369598732853E-17,0.));
#4080=DIRECTION('center_axis',(1.,0.,0.));
#4081=DIRECTION('ref_axis',(5.46369598732853E-17,-1.,6.31088724176809E-30));
#4082=DIRECTION('center_axis',(1.,0.,0.));
#4083=DIRECTION('ref_axis',(0.,1.,0.));
#4084=DIRECTION('center_axis',(-1.,0.,0.));
#4085=DIRECTION('ref_axis',(0.,-1.,0.));
#4086=DIRECTION('center_axis',(-1.,0.,0.));
#4087=DIRECTION('ref_axis',(0.,-1.,0.));
#4088=DIRECTION('center_axis',(-1.,0.,0.));
#4089=DIRECTION('ref_axis',(5.46369598732853E-17,-1.,6.31088724176809E-30));
#4090=DIRECTION('center_axis',(1.,0.,0.));
#4091=DIRECTION('ref_axis',(0.,1.,0.));
#4092=DIRECTION('center_axis',(1.,0.,0.));
#4093=DIRECTION('ref_axis',(5.46369598732853E-17,-1.,6.31088724176809E-30));
#4094=DIRECTION('center_axis',(1.,5.46369598732853E-17,0.));
#4095=DIRECTION('ref_axis',(5.46369598732853E-17,-1.,6.31088724176809E-30));
#4096=DIRECTION('',(1.,5.46369598732853E-17,0.));
#4097=DIRECTION('center_axis',(1.,0.,0.));
#4098=DIRECTION('ref_axis',(0.,1.,0.));
#4099=DIRECTION('center_axis',(1.,0.,0.));
#4100=DIRECTION('ref_axis',(-1.63910879619856E-16,-5.55111512312578E-16,
1.));
#4101=DIRECTION('center_axis',(-1.,0.,0.));
#4102=DIRECTION('ref_axis',(0.,-1.,0.));
#4103=DIRECTION('center_axis',(-1.,0.,0.));
#4104=DIRECTION('ref_axis',(-1.63910879619856E-16,-5.55111512312578E-16,
1.));
#4105=DIRECTION('center_axis',(1.,0.,1.63910879619856E-16));
#4106=DIRECTION('ref_axis',(-1.63910879619856E-16,-5.55111512312578E-16,
1.));
#4107=DIRECTION('',(1.,0.,1.63910879619856E-16));
#4108=DIRECTION('center_axis',(1.,0.,1.63910879619856E-16));
#4109=DIRECTION('ref_axis',(-1.63910879619856E-16,-5.55111512312578E-16,
1.));
#4110=DIRECTION('center_axis',(-1.,0.,0.));
#4111=DIRECTION('ref_axis',(-1.63910879619856E-16,-5.55111512312578E-16,
1.));
#4112=DIRECTION('',(1.,0.,1.63910879619856E-16));
#4113=DIRECTION('center_axis',(1.,0.,0.));
#4114=DIRECTION('ref_axis',(-1.63910879619856E-16,-5.55111512312578E-16,
1.));
#4115=DIRECTION('center_axis',(-1.,0.,0.));
#4116=DIRECTION('ref_axis',(0.,-1.,0.));
#4117=DIRECTION('center_axis',(1.,0.,0.));
#4118=DIRECTION('ref_axis',(0.,1.,0.));
#4119=DIRECTION('center_axis',(1.,0.,0.));
#4120=DIRECTION('ref_axis',(0.,1.,0.));
#4121=DIRECTION('center_axis',(1.,0.,0.));
#4122=DIRECTION('ref_axis',(-1.63910879619856E-16,-5.55111512312578E-16,
1.));
#4123=DIRECTION('center_axis',(-1.,0.,0.));
#4124=DIRECTION('ref_axis',(0.,-1.,0.));
#4125=DIRECTION('center_axis',(-1.,0.,0.));
#4126=DIRECTION('ref_axis',(-1.63910879619856E-16,-5.55111512312578E-16,
1.));
#4127=DIRECTION('center_axis',(1.,0.,1.63910879619856E-16));
#4128=DIRECTION('ref_axis',(-1.63910879619856E-16,-5.55111512312578E-16,
1.));
#4129=DIRECTION('',(1.,0.,1.63910879619856E-16));
#4130=DIRECTION('center_axis',(-1.,0.,0.));
#4131=DIRECTION('ref_axis',(0.,-1.,0.));
#4132=DIRECTION('',(0.,-1.,0.));
#4133=DIRECTION('',(0.,0.,1.));
#4134=DIRECTION('',(0.,-1.,0.));
#4135=DIRECTION('',(0.,0.,1.));
#4136=DIRECTION('center_axis',(8.75722416344034E-14,1.,0.));
#4137=DIRECTION('ref_axis',(-1.,8.75722416344034E-14,0.));
#4138=DIRECTION('',(-1.,8.75722416344034E-14,0.));
#4139=DIRECTION('',(-1.,8.75722416344034E-14,0.));
#4140=DIRECTION('',(0.,0.,1.));
#4141=DIRECTION('center_axis',(1.,0.,0.));
#4142=DIRECTION('ref_axis',(0.,1.,0.));
#4143=DIRECTION('',(0.,1.,0.));
#4144=DIRECTION('',(0.,1.,0.));
#4145=DIRECTION('',(0.,0.,1.));
#4146=DIRECTION('center_axis',(3.21820954151627E-13,-1.,0.));
#4147=DIRECTION('ref_axis',(1.,3.21820954151627E-13,0.));
#4148=DIRECTION('',(1.,3.21820954151627E-13,0.));
#4149=DIRECTION('',(1.,3.21820954151627E-13,0.));
#4150=DIRECTION('',(0.,0.,1.));
#4151=DIRECTION('center_axis',(-1.,3.81992283263765E-13,0.));
#4152=DIRECTION('ref_axis',(-3.81992283263765E-13,-1.,0.));
#4153=DIRECTION('',(-3.81992283263765E-13,-1.,0.));
#4154=DIRECTION('',(-3.81992283263765E-13,-1.,0.));
#4155=DIRECTION('',(0.,0.,1.));
#4156=DIRECTION('center_axis',(-1.,0.,0.));
#4157=DIRECTION('ref_axis',(0.,-1.,0.));
#4158=DIRECTION('',(0.,-1.,0.));
#4159=DIRECTION('',(0.,0.,-1.));
#4160=DIRECTION('',(0.,-1.,0.));
#4161=DIRECTION('',(0.,0.,1.));
#4162=DIRECTION('center_axis',(8.75722416344034E-14,1.,0.));
#4163=DIRECTION('ref_axis',(-1.,8.75722416344034E-14,0.));
#4164=DIRECTION('',(-1.,8.75722416344034E-14,0.));
#4165=DIRECTION('',(0.,0.,-1.));
#4166=DIRECTION('',(-1.,8.75722416344034E-14,0.));
#4167=DIRECTION('center_axis',(1.,0.,0.));
#4168=DIRECTION('ref_axis',(0.,1.,0.));
#4169=DIRECTION('',(0.,1.,0.));
#4170=DIRECTION('',(0.,0.,-1.));
#4171=DIRECTION('',(0.,1.,0.));
#4172=DIRECTION('center_axis',(3.21820954151627E-13,-1.,0.));
#4173=DIRECTION('ref_axis',(1.,3.21820954151627E-13,0.));
#4174=DIRECTION('',(1.,3.21820954151627E-13,0.));
#4175=DIRECTION('',(0.,0.,-1.));
#4176=DIRECTION('',(1.,3.21820954151627E-13,0.));
#4177=DIRECTION('center_axis',(-1.,3.81992283263765E-13,0.));
#4178=DIRECTION('ref_axis',(-3.81992283263765E-13,-1.,0.));
#4179=DIRECTION('',(-3.81992283263765E-13,-1.,0.));
#4180=DIRECTION('',(0.,0.,1.));
#4181=DIRECTION('',(-3.81992283263765E-13,-1.,0.));
#4182=DIRECTION('center_axis',(0.,0.,1.));
#4183=DIRECTION('ref_axis',(1.,0.,0.));
#4184=DIRECTION('',(-1.,0.,0.));
#4185=DIRECTION('',(-1.,3.81992283263765E-13,0.));
#4186=DIRECTION('center_axis',(0.,1.,0.));
#4187=DIRECTION('ref_axis',(0.,0.,1.));
#4188=DIRECTION('',(-1.,0.,0.));
#4189=DIRECTION('center_axis',(0.,0.,-1.));
#4190=DIRECTION('ref_axis',(-1.,0.,0.));
#4191=DIRECTION('',(-1.,3.81992283263765E-13,0.));
#4192=DIRECTION('center_axis',(-3.81992283263765E-13,-1.,0.));
#4193=DIRECTION('ref_axis',(0.,0.,-1.));
#4194=DIRECTION('center_axis',(1.25444499799196E-15,-1.,0.));
#4195=DIRECTION('ref_axis',(1.,1.25444499799196E-15,0.));
#4196=DIRECTION('',(-1.,-1.25444499799196E-15,0.));
#4197=DIRECTION('',(0.,0.,1.));
#4198=DIRECTION('',(1.,1.25444499799196E-15,0.));
#4199=DIRECTION('',(0.,0.,1.));
#4200=DIRECTION('center_axis',(-1.,3.56565382776175E-12,0.));
#4201=DIRECTION('ref_axis',(-3.56565382776175E-12,-1.,0.));
#4202=DIRECTION('',(3.56565382776175E-12,1.,0.));
#4203=DIRECTION('',(-3.56565382776175E-12,-1.,0.));
#4204=DIRECTION('',(0.,0.,1.));
#4205=DIRECTION('center_axis',(1.68281259355307E-16,1.,0.));
#4206=DIRECTION('ref_axis',(-1.,1.68281259355307E-16,0.));
#4207=DIRECTION('',(1.,-1.68281259355307E-16,0.));
#4208=DIRECTION('',(-1.,1.68281259355307E-16,0.));
#4209=DIRECTION('',(0.,0.,1.));
#4210=DIRECTION('center_axis',(1.,0.,0.));
#4211=DIRECTION('ref_axis',(0.,1.,0.));
#4212=DIRECTION('',(0.,-1.,0.));
#4213=DIRECTION('',(0.,1.,0.));
#4214=DIRECTION('',(0.,0.,1.));
#4215=DIRECTION('center_axis',(1.,0.,0.));
#4216=DIRECTION('ref_axis',(0.,1.,0.));
#4217=DIRECTION('',(0.,-1.,0.));
#4218=DIRECTION('',(0.,0.,1.));
#4219=DIRECTION('',(0.,1.,0.));
#4220=DIRECTION('center_axis',(1.25444499799196E-15,-1.,0.));
#4221=DIRECTION('ref_axis',(1.,1.25444499799196E-15,0.));
#4222=DIRECTION('',(-1.,-1.25444499799196E-15,0.));
#4223=DIRECTION('',(0.,0.,-1.));
#4224=DIRECTION('',(1.,1.25444499799196E-15,0.));
#4225=DIRECTION('',(0.,0.,1.));
#4226=DIRECTION('center_axis',(-1.,3.56565382776175E-12,0.));
#4227=DIRECTION('ref_axis',(-3.56565382776175E-12,-1.,0.));
#4228=DIRECTION('',(3.56565382776175E-12,1.,0.));
#4229=DIRECTION('',(0.,0.,-1.));
#4230=DIRECTION('',(-3.56565382776175E-12,-1.,0.));
#4231=DIRECTION('center_axis',(1.68281259355307E-16,1.,0.));
#4232=DIRECTION('ref_axis',(-1.,1.68281259355307E-16,0.));
#4233=DIRECTION('',(1.,-1.68281259355307E-16,0.));
#4234=DIRECTION('',(0.,0.,-1.));
#4235=DIRECTION('',(-1.,1.68281259355307E-16,0.));
#4236=DIRECTION('center_axis',(1.,0.,0.));
#4237=DIRECTION('ref_axis',(0.,1.,0.));
#4238=DIRECTION('',(0.,-1.,0.));
#4239=DIRECTION('',(0.,0.,1.));
#4240=DIRECTION('',(0.,1.,0.));
#4241=DIRECTION('center_axis',(1.,0.,0.));
#4242=DIRECTION('ref_axis',(0.,1.,0.));
#4243=DIRECTION('',(0.,-1.,0.));
#4244=DIRECTION('',(0.,1.,0.));
#4245=DIRECTION('',(0.,0.,1.));
#4246=DIRECTION('center_axis',(0.,0.,1.));
#4247=DIRECTION('ref_axis',(1.,0.,0.));
#4248=DIRECTION('',(1.,0.,0.));
#4249=DIRECTION('',(1.,0.,0.));
#4250=DIRECTION('center_axis',(0.,0.,-1.));
#4251=DIRECTION('ref_axis',(-1.,0.,0.));
#4252=DIRECTION('',(1.,0.,0.));
#4253=DIRECTION('',(1.,0.,0.));
#4254=DIRECTION('center_axis',(0.,1.,0.));
#4255=DIRECTION('ref_axis',(0.,0.,1.));
#4256=DIRECTION('center_axis',(0.,-1.,0.));
#4257=DIRECTION('ref_axis',(0.,0.,-1.));
#4258=DIRECTION('',(0.,0.,1.));
#4259=DIRECTION('',(1.,0.,0.));
#4260=CARTESIAN_POINT('',(0.,0.,0.));
#4261=CARTESIAN_POINT('',(0.,0.,0.));
#4262=CARTESIAN_POINT('Origin',(0.27500005167596,-5.85725309784874,0.065));
#4263=CARTESIAN_POINT('',(-1.94999997643387,-5.4375,0.065));
#4264=CARTESIAN_POINT('',(2.50000007978576,-5.4375,0.065));
#4265=CARTESIAN_POINT('',(-1.06974873915118,-5.4375,0.065));
#4266=CARTESIAN_POINT('',(-1.94999997643388,-6.34450626059497,0.065));
#4267=CARTESIAN_POINT('',(-1.94999997643387,-5.61862651641519,0.065));
#4268=CARTESIAN_POINT('',(2.5000000797858,-6.34450626043013,0.065));
#4269=CARTESIAN_POINT('',(1.3875000657399,-6.34450626047134,0.065));
#4270=CARTESIAN_POINT('',(2.50000007978579,-6.10087967913939,0.065));
#4271=CARTESIAN_POINT('Origin',(2.5000000797858,-6.34450626043013,0.));
#4272=CARTESIAN_POINT('',(2.5000000797858,-6.34450626043013,1.25));
#4273=CARTESIAN_POINT('',(2.5000000797858,-6.34450626043013,0.));
#4274=CARTESIAN_POINT('',(2.50000007978576,-5.4375,1.25));
#4275=CARTESIAN_POINT('',(2.5000000797858,-6.34450626043013,1.25));
#4276=CARTESIAN_POINT('',(2.50000007978576,-5.4375,0.));
#4277=CARTESIAN_POINT('Origin',(2.56500007978575,-5.36999993510251,0.));
#4278=CARTESIAN_POINT('',(2.50000007978575,-5.36999993510251,0.125));
#4279=CARTESIAN_POINT('',(2.56500007978575,-5.36999993510251,0.125));
#4280=CARTESIAN_POINT('',(1.41900127490372,-5.36999993510251,0.125));
#4281=CARTESIAN_POINT('',(2.50000007978575,-5.36999993510251,1.25));
#4282=CARTESIAN_POINT('',(2.50000007978575,-5.36999993510251,0.));
#4283=CARTESIAN_POINT('',(2.56500007978575,-5.36999993510251,1.25));
#4284=CARTESIAN_POINT('',(2.50000007978575,-5.36999993510251,1.25));
#4285=CARTESIAN_POINT('',(2.56500007978575,-5.36999993510251,0.));
#4286=CARTESIAN_POINT('Origin',(2.56500007978574,-6.40950626051243,0.));
#4287=CARTESIAN_POINT('',(2.56500007978575,-5.4375,1.25));
#4288=CARTESIAN_POINT('',(2.56500007978575,-5.4375,0.));
#4289=CARTESIAN_POINT('',(2.56500007978575,-5.4375,0.));
#4290=CARTESIAN_POINT('',(2.56500007978574,-6.40950626051243,1.25));
#4291=CARTESIAN_POINT('',(2.56500007978574,-6.40950626051243,1.25));
#4292=CARTESIAN_POINT('',(2.56500007978574,-6.40950626051243,0.));
#4293=CARTESIAN_POINT('',(2.56500007978574,-6.40950626051243,0.));
#4294=CARTESIAN_POINT('',(2.56500007978574,-6.40950626051243,0.));
#4295=CARTESIAN_POINT('Origin',(2.56500007978574,-6.40950626051243,0.));
#4296=CARTESIAN_POINT('',(2.56500007978575,-5.375,0.125));
#4297=CARTESIAN_POINT('',(2.56500007978575,-5.375,1.25));
#4298=CARTESIAN_POINT('',(2.56500007978575,-5.375,0.));
#4299=CARTESIAN_POINT('',(2.56500007978576,-4.11753344040646,0.125));
#4300=CARTESIAN_POINT('',(2.56500007978574,-6.40950626051243,1.25));
#4301=CARTESIAN_POINT('Origin',(0.275000051675936,-5.88975309780747,1.25));
#4302=CARTESIAN_POINT('',(-1.06974873915119,-5.4375,1.25));
#4303=CARTESIAN_POINT('',(-1.94999997643388,-6.34450626059497,1.25));
#4304=CARTESIAN_POINT('',(-1.94999997643388,-6.34450626059497,1.25));
#4305=CARTESIAN_POINT('',(-1.94999997643387,-5.4375,1.25));
#4306=CARTESIAN_POINT('',(-1.94999997643387,-5.37999993498166,1.25));
#4307=CARTESIAN_POINT('',(-2.01499997643387,-5.4375,1.25));
#4308=CARTESIAN_POINT('',(-1.06974873915119,-5.4375,1.25));
#4309=CARTESIAN_POINT('',(-2.01499997643388,-6.40950626051239,1.25));
#4310=CARTESIAN_POINT('',(-2.01499997643387,-5.37999993498166,1.25));
#4311=CARTESIAN_POINT('',(-2.01499997643388,-6.40950626051239,1.25));
#4312=CARTESIAN_POINT('Origin',(-2.01499997643387,-5.37999993498166,0.));
#4313=CARTESIAN_POINT('',(-2.01499997643387,-5.4375,0.));
#4314=CARTESIAN_POINT('',(-2.01499997643387,-5.4375,0.));
#4315=CARTESIAN_POINT('',(-2.01499997643388,-6.40950626051239,0.));
#4316=CARTESIAN_POINT('',(-2.01499997643387,-5.37999993498166,0.));
#4317=CARTESIAN_POINT('',(-2.01499997643388,-6.40950626051239,0.));
#4318=CARTESIAN_POINT('Origin',(2.5000000797858,-6.34450626043013,0.));
#4319=CARTESIAN_POINT('',(-1.94999997643388,-6.34450626059497,0.));
#4320=CARTESIAN_POINT('Origin',(2.50000007978575,-5.36999993510251,0.));
#4321=CARTESIAN_POINT('',(2.50000007978575,-5.375,1.25));
#4322=CARTESIAN_POINT('',(2.50000007978575,-5.375,0.125));
#4323=CARTESIAN_POINT('',(2.50000007978575,-5.375,0.));
#4324=CARTESIAN_POINT('',(2.5000000797858,-6.34450626043013,1.25));
#4325=CARTESIAN_POINT('',(2.50000007978567,-3.59778027770145,0.125));
#4326=CARTESIAN_POINT('Origin',(-2.01499997643388,-6.40950626051239,0.));
#4327=CARTESIAN_POINT('',(-2.01499997643388,-6.40950626051239,0.));
#4328=CARTESIAN_POINT('Origin',(0.275000051675936,-5.88975309780747,1.25));
#4329=CARTESIAN_POINT('',(1.58650126084881,-5.375,1.25));
#4330=CARTESIAN_POINT('Origin',(2.89800247002168,-5.375,0.));
#4331=CARTESIAN_POINT('',(-2.35199752997832,-5.375,0.125));
#4332=CARTESIAN_POINT('',(1.58550247002168,-5.375,0.125));
#4333=CARTESIAN_POINT('',(-2.35199752997832,-5.375,2.5));
#4334=CARTESIAN_POINT('',(-2.35199752997832,-5.375,0.));
#4335=CARTESIAN_POINT('',(2.89800247002168,-5.375,2.5));
#4336=CARTESIAN_POINT('',(-2.35199752997832,-5.375,2.5));
#4337=CARTESIAN_POINT('',(2.89800247002168,-5.375,0.125));
#4338=CARTESIAN_POINT('',(2.89800247002168,-5.375,0.));
#4339=CARTESIAN_POINT('',(1.58550247002168,-5.375,0.125));
#4340=CARTESIAN_POINT('Origin',(-2.41449752997832,-5.4375,0.));
#4341=CARTESIAN_POINT('',(2.96050247002168,-5.4375,0.));
#4342=CARTESIAN_POINT('',(-2.41449752997832,-5.4375,0.));
#4343=CARTESIAN_POINT('',(2.96050247002168,-5.4375,2.5));
#4344=CARTESIAN_POINT('',(2.96050247002168,-5.4375,0.));
#4345=CARTESIAN_POINT('',(-2.41449752997832,-5.4375,2.5));
#4346=CARTESIAN_POINT('',(-2.41449752997832,-5.4375,2.5));
#4347=CARTESIAN_POINT('',(-2.41449752997832,-5.4375,0.));
#4348=CARTESIAN_POINT('',(-2.41449752997832,-5.4375,0.));
#4349=CARTESIAN_POINT('',(-2.41449752997832,-5.4375,0.));
#4350=CARTESIAN_POINT('',(-1.94999997643387,-5.4375,0.));
#4351=CARTESIAN_POINT('Origin',(-1.94999997643387,-5.37999993498166,0.));
#4352=CARTESIAN_POINT('Origin',(-0.579999992990588,1.78637875939904,0.600731889180987));
#4353=CARTESIAN_POINT('',(-0.589999992869736,1.72387875939904,0.579999992990588));
#4354=CARTESIAN_POINT('',(-0.579999992990588,1.72387875939904,0.600731889180987));
#4355=CARTESIAN_POINT('',(-0.719786714823909,1.72387875939904,0.310927505094181));
#4356=CARTESIAN_POINT('',(-0.589999992869736,1.78637875939904,0.579999992990588));
#4357=CARTESIAN_POINT('',(-0.589999992869736,1.78637875939904,0.579999992990588));
#4358=CARTESIAN_POINT('',(-0.579999992990588,1.78637875939904,0.600731889180987));
#4359=CARTESIAN_POINT('',(-0.510152704698756,1.78637875939904,0.745538563935718));
#4360=CARTESIAN_POINT('',(-0.579999992990588,1.78637875939904,0.600731889180987));
#4361=CARTESIAN_POINT('Origin',(-0.255632672408422,1.78637875939904,0.600731889180987));
#4362=CARTESIAN_POINT('',(-0.255632672408422,1.72387875939904,0.600731889180987));
#4363=CARTESIAN_POINT('',(-0.5357069366711,1.72387875939904,0.600731889180987));
#4364=CARTESIAN_POINT('',(-0.255632672408422,1.78637875939904,0.600731889180987));
#4365=CARTESIAN_POINT('',(0.574958219853416,1.78637875939904,0.600731889180987));
#4366=CARTESIAN_POINT('',(-0.255632672408422,1.78637875939904,0.600731889180987));
#4367=CARTESIAN_POINT('Origin',(-0.234900776218023,1.78637875939904,0.579999992990588));
#4368=CARTESIAN_POINT('',(-0.234900776218023,1.72387875939904,0.579999992990588));
#4369=CARTESIAN_POINT('',(-0.235120884149315,1.72387875939904,0.58022010092188));
#4370=CARTESIAN_POINT('',(-0.234900776218023,1.78637875939904,0.579999992990588));
#4371=CARTESIAN_POINT('',(0.320211694112943,1.78637875939904,0.0248875226596215));
#4372=CARTESIAN_POINT('',(-0.234900776218023,1.78637875939904,0.579999992990588));
#4373=CARTESIAN_POINT('Origin',(-0.234900776218023,1.78637875939904,0.445224851004632));
#4374=CARTESIAN_POINT('',(-0.234900776218023,1.72387875939904,0.445224851004632));
#4375=CARTESIAN_POINT('',(-0.234900776218023,1.72387875939904,0.222612425502316));
#4376=CARTESIAN_POINT('',(-0.234900776218023,1.78637875939904,0.445224851004632));
#4377=CARTESIAN_POINT('',(-0.234900776218023,1.78637875939904,0.222612425502316));
#4378=CARTESIAN_POINT('',(-0.234900776218023,1.78637875939904,0.445224851004632));
#4379=CARTESIAN_POINT('Origin',(-0.380597024403569,1.78637875939904,0.431979737533219));
#4380=CARTESIAN_POINT('',(-0.380597024403569,1.72387875939904,0.431979737533219));
#4381=CARTESIAN_POINT('',(-0.615880067325785,1.72387875939904,0.410590369994836));
#4382=CARTESIAN_POINT('',(-0.380597024403569,1.78637875939904,0.431979737533219));
#4383=CARTESIAN_POINT('',(0.485681276440333,1.78637875939904,0.51073231033721));
#4384=CARTESIAN_POINT('',(-0.380597024403569,1.78637875939904,0.431979737533219));
#4385=CARTESIAN_POINT('Origin',(-0.387551248128515,1.78637875939904,0.350593443324772));
#4386=CARTESIAN_POINT('',(-0.387551248128515,1.72387875939904,0.350593443324772));
#4387=CARTESIAN_POINT('',(-0.403973244310198,1.72387875939904,0.158404427613628));
#4388=CARTESIAN_POINT('',(-0.387551248128515,1.78637875939904,0.350593443324772));
#4389=CARTESIAN_POINT('',(-0.3959228238971,1.78637875939904,0.252619671493662));
#4390=CARTESIAN_POINT('',(-0.387551248128515,1.78637875939904,0.350593443324772));
#4391=CARTESIAN_POINT('Origin',(-0.285082041932468,1.78637875939904,0.334475382344478));
#4392=CARTESIAN_POINT('',(-0.285082041932468,1.72387875939904,0.334475382344478));
#4393=CARTESIAN_POINT('',(-0.518354026754324,1.72387875939904,0.371168279810273));
#4394=CARTESIAN_POINT('',(-0.285082041932468,1.78637875939904,0.334475382344478));
#4395=CARTESIAN_POINT('',(0.565494304719085,1.78637875939904,0.200682588073231));
#4396=CARTESIAN_POINT('',(-0.285082041932468,1.78637875939904,0.334475382344478));
#4397=CARTESIAN_POINT('Origin',(-0.199999997582961,1.78637875939904,0.35999999564933));
#4398=CARTESIAN_POINT('',(-0.199999997582961,1.72387875939904,0.35999999564933));
#4399=CARTESIAN_POINT('',(-0.53200972329196,1.72387875939904,0.260397077936631));
#4400=CARTESIAN_POINT('',(-0.199999997582961,1.78637875939904,0.35999999564933));
#4401=CARTESIAN_POINT('',(0.486949135904844,1.78637875939904,0.566084735695672));
#4402=CARTESIAN_POINT('',(-0.199999997582961,1.78637875939904,0.35999999564933));
#4403=CARTESIAN_POINT('Origin',(-0.149999998187221,1.78637875939904,0.479999994199107));
#4404=CARTESIAN_POINT('',(-0.149999998187221,1.72387875939904,0.479999994199107));
#4405=CARTESIAN_POINT('',(-0.284451269549973,1.72387875939904,0.157316942928501));
#4406=CARTESIAN_POINT('',(-0.149999998187221,1.78637875939904,0.479999994199107));
#4407=CARTESIAN_POINT('',(-0.120151690182442,1.78637875939904,0.551635933410578));
#4408=CARTESIAN_POINT('',(-0.149999998187221,1.78637875939904,0.479999994199107));
#4409=CARTESIAN_POINT('Origin',(-0.149999998187221,1.78637875939904,0.61999999250718));
#4410=CARTESIAN_POINT('',(-0.149999998187221,1.72387875939904,0.61999999250718));
#4411=CARTESIAN_POINT('',(-0.149999998187221,1.72387875939904,0.30999999625359));
#4412=CARTESIAN_POINT('',(-0.149999998187221,1.78637875939904,0.61999999250718));
#4413=CARTESIAN_POINT('',(-0.149999998187221,1.78637875939904,0.30999999625359));
#4414=CARTESIAN_POINT('',(-0.149999998187221,1.78637875939904,0.61999999250718));
#4415=CARTESIAN_POINT('Origin',(-0.179999997824665,1.78637875939904,0.71999999129866));
#4416=CARTESIAN_POINT('',(-0.179999997824665,1.72387875939904,0.71999999129866));
#4417=CARTESIAN_POINT('',(-0.107165278049538,1.72387875939904,0.477217592048236));
#4418=CARTESIAN_POINT('',(-0.179999997824665,1.78637875939904,0.71999999129866));
#4419=CARTESIAN_POINT('',(-0.0154589807218252,1.78637875939904,0.171529934289194));
#4420=CARTESIAN_POINT('',(-0.179999997824665,1.78637875939904,0.71999999129866));
#4421=CARTESIAN_POINT('Origin',(-0.219999997341257,1.78637875939904,0.759999990815253));
#4422=CARTESIAN_POINT('',(-0.219999997341257,1.72387875939904,0.759999990815253));
#4423=CARTESIAN_POINT('',(-0.178945300535575,1.72387875939904,0.71894529400957));
#4424=CARTESIAN_POINT('',(-0.219999997341257,1.78637875939904,0.759999990815253));
#4425=CARTESIAN_POINT('',(0.376387277726684,1.78637875939904,0.163612715747312));
#4426=CARTESIAN_POINT('',(-0.219999997341257,1.78637875939904,0.759999990815253));
#4427=CARTESIAN_POINT('Origin',(-0.279999996616146,1.78637875939904,0.769999990694401));
#4428=CARTESIAN_POINT('',(-0.279999996616146,1.72387875939904,0.769999990694401));
#4429=CARTESIAN_POINT('',(-0.478217880552205,1.72387875939904,0.803036304683744));
#4430=CARTESIAN_POINT('',(-0.279999996616146,1.78637875939904,0.769999990694401));
#4431=CARTESIAN_POINT('',(0.602429298768946,1.78637875939904,0.622928441463552));
#4432=CARTESIAN_POINT('',(-0.279999996616146,1.78637875939904,0.769999990694401));
#4433=CARTESIAN_POINT('Origin',(-0.333846837881114,1.78637875939904,0.752051043606078));
#4434=CARTESIAN_POINT('',(-0.333846837881114,1.72387875939904,0.752051043606078));
#4435=CARTESIAN_POINT('',(-0.663524957795725,1.72387875939904,0.642158336967874));
#4436=CARTESIAN_POINT('',(-0.333846837881114,1.78637875939904,0.752051043606078));
#4437=CARTESIAN_POINT('',(0.33607368307634,1.78637875939904,0.975357883925229));
#4438=CARTESIAN_POINT('',(-0.333846837881114,1.78637875939904,0.752051043606078));
#4439=CARTESIAN_POINT('Origin',(-0.369999995528478,1.78637875939904,0.7288141387499));
#4440=CARTESIAN_POINT('',(-0.369999995528478,1.72387875939904,0.7288141387499));
#4441=CARTESIAN_POINT('',(-0.693476815823183,1.72387875939904,0.520904219243462));
#4442=CARTESIAN_POINT('',(-0.369999995528478,1.78637875939904,0.7288141387499));
#4443=CARTESIAN_POINT('',(0.0924962268802044,1.78637875939904,1.02607671319161));
#4444=CARTESIAN_POINT('',(-0.369999995528478,1.78637875939904,0.7288141387499));
#4445=CARTESIAN_POINT('Origin',(-0.369999995528478,1.78637875939904,0.679999991782068));
#4446=CARTESIAN_POINT('',(-0.369999995528478,1.72387875939904,0.679999991782068));
#4447=CARTESIAN_POINT('',(-0.369999995528479,1.72387875939904,0.339999995891034));
#4448=CARTESIAN_POINT('',(-0.369999995528478,1.78637875939904,0.679999991782068));
#4449=CARTESIAN_POINT('',(-0.369999995528479,1.78637875939904,0.339999995891036));
#4450=CARTESIAN_POINT('',(-0.369999995528478,1.78637875939904,0.679999991782068));
#4451=CARTESIAN_POINT('Origin',(-0.386199995332698,1.78637875939904,0.661999991999602));
#4452=CARTESIAN_POINT('',(-0.386199995332698,1.72387875939904,0.661999991999602));
#4453=CARTESIAN_POINT('',(-0.646907390177039,1.72387875939904,0.372325108839221));
#4454=CARTESIAN_POINT('',(-0.386199995332698,1.78637875939904,0.661999991999602));
#4455=CARTESIAN_POINT('',(-0.149869391953363,1.78637875939904,0.924589551309975));
#4456=CARTESIAN_POINT('',(-0.386199995332698,1.78637875939904,0.661999991999602));
#4457=CARTESIAN_POINT('Origin',(-0.579999992990588,1.78637875939904,0.661999991999602));
#4458=CARTESIAN_POINT('',(-0.579999992990588,1.72387875939904,0.661999991999602));
#4459=CARTESIAN_POINT('',(-0.697890596962183,1.72387875939904,0.661999991999602));
#4460=CARTESIAN_POINT('',(-0.579999992990588,1.78637875939904,0.661999991999602));
#4461=CARTESIAN_POINT('',(0.412774559562333,1.78637875939904,0.661999991999602));
#4462=CARTESIAN_POINT('',(-0.579999992990588,1.78637875939904,0.661999991999602));
#4463=CARTESIAN_POINT('Origin',(-0.599999992748884,1.78637875939904,0.679999991782068));
#4464=CARTESIAN_POINT('',(-0.599999992748884,1.72387875939904,0.679999991782068));
#4465=CARTESIAN_POINT('',(-0.490547289870716,1.72387875939904,0.581492559191718));
#4466=CARTESIAN_POINT('',(-0.599999992748884,1.78637875939904,0.679999991782068));
#4467=CARTESIAN_POINT('',(0.123079868430123,1.78637875939904,0.0292281167209639));
#4468=CARTESIAN_POINT('',(-0.599999992748884,1.78637875939904,0.679999991782068));
#4469=CARTESIAN_POINT('Origin',(-0.559999993232291,1.78637875939904,0.809999990210993));
#4470=CARTESIAN_POINT('',(-0.559999993232291,1.72387875939904,0.809999990210993));
#4471=CARTESIAN_POINT('',(-0.684898638676063,1.72387875939904,0.404079392518736));
#4472=CARTESIAN_POINT('',(-0.559999993232291,1.78637875939904,0.809999990210993));
#4473=CARTESIAN_POINT('',(-0.588841111625294,1.78637875939904,0.716266355433735));
#4474=CARTESIAN_POINT('',(-0.559999993232291,1.78637875939904,0.809999990210993));
#4475=CARTESIAN_POINT('Origin',(-0.469999994319959,1.78637875939904,0.909999989002474));
#4476=CARTESIAN_POINT('',(-0.469999994319959,1.72387875939904,0.909999989002474));
#4477=CARTESIAN_POINT('',(-0.77361401848002,1.72387875939904,0.572651073269073));
#4478=CARTESIAN_POINT('',(-0.469999994319959,1.78637875939904,0.909999989002474));
#4479=CARTESIAN_POINT('',(-0.276576020256341,1.78637875939904,1.12491551573983));
#4480=CARTESIAN_POINT('',(-0.469999994319959,1.78637875939904,0.909999989002474));
#4481=CARTESIAN_POINT('Origin',(-0.349999995770182,1.78637875939904,0.959999988398214));
#4482=CARTESIAN_POINT('',(-0.349999995770182,1.72387875939904,0.959999988398214));
#4483=CARTESIAN_POINT('',(-0.718853524904652,1.72387875939904,0.806311017925518));
#4484=CARTESIAN_POINT('',(-0.349999995770182,1.78637875939904,0.959999988398214));
#4485=CARTESIAN_POINT('',(0.227512052252333,1.78637875939904,1.2006300084076));
#4486=CARTESIAN_POINT('',(-0.349999995770182,1.78637875939904,0.959999988398214));
#4487=CARTESIAN_POINT('Origin',(-0.199999997582961,1.78637875939904,0.959999988398214));
#4488=CARTESIAN_POINT('',(-0.199999997582961,1.72387875939904,0.959999988398214));
#4489=CARTESIAN_POINT('',(-0.50789059925837,1.72387875939904,0.959999988398214));
#4490=CARTESIAN_POINT('',(-0.199999997582961,1.78637875939904,0.959999988398214));
#4491=CARTESIAN_POINT('',(0.602774557266146,1.78637875939904,0.959999988398214));
#4492=CARTESIAN_POINT('',(-0.199999997582961,1.78637875939904,0.959999988398214));
#4493=CARTESIAN_POINT('Origin',(-0.0432409135251922,1.78637875939904,0.899889085981986));
#4494=CARTESIAN_POINT('',(-0.0432409135251922,1.72387875939904,0.899889085981986));
#4495=CARTESIAN_POINT('',(-0.229576066787606,1.72387875939904,0.971341239978638));
#4496=CARTESIAN_POINT('',(-0.0432409135251922,1.78637875939904,0.899889085981986));
#4497=CARTESIAN_POINT('',(0.738710419628823,1.78637875939904,0.600041708306965));
#4498=CARTESIAN_POINT('',(-0.0432409135251922,1.78637875939904,0.899889085981986));
#4499=CARTESIAN_POINT('Origin',(0.0399999995165922,1.78637875939904,0.799999990331845));
#4500=CARTESIAN_POINT('',(0.0399999995165922,1.72387875939904,0.799999990331845));
#4501=CARTESIAN_POINT('',(0.0613563085222977,1.72387875939904,0.774372419524999));
#4502=CARTESIAN_POINT('',(0.0399999995165922,1.78637875939904,0.799999990331845));
#4503=CARTESIAN_POINT('',(0.516546946442182,1.78637875939904,0.228143654021138));
#4504=CARTESIAN_POINT('',(0.0399999995165922,1.78637875939904,0.799999990331845));
#4505=CARTESIAN_POINT('Origin',(0.0799999990331845,1.78637875939904,0.66999999190292));
#4506=CARTESIAN_POINT('',(0.0799999990331845,1.72387875939904,0.66999999190292));
#4507=CARTESIAN_POINT('',(0.135425675734483,1.72387875939904,0.4898665426237));
#4508=CARTESIAN_POINT('',(0.0799999990331845,1.78637875939904,0.66999999190292));
#4509=CARTESIAN_POINT('',(0.231483202785252,1.78637875939904,0.177679579708701));
#4510=CARTESIAN_POINT('',(0.0799999990331845,1.78637875939904,0.66999999190292));
#4511=CARTESIAN_POINT('Origin',(0.0799999990331845,1.78637875939904,0.439999994682515));
#4512=CARTESIAN_POINT('',(0.0799999990331845,1.72387875939904,0.439999994682515));
#4513=CARTESIAN_POINT('',(0.0799999990331845,1.72387875939904,0.219999997341257));
#4514=CARTESIAN_POINT('',(0.0799999990331845,1.78637875939904,0.439999994682515));
#4515=CARTESIAN_POINT('',(0.0799999990331845,1.78637875939904,0.219999997341257));
#4516=CARTESIAN_POINT('',(0.0799999990331845,1.78637875939904,0.439999994682515));
#4517=CARTESIAN_POINT('Origin',(0.00999999987914806,1.78637875939904,0.269999996736998));
#4518=CARTESIAN_POINT('',(0.00999999987914806,1.72387875939904,0.269999996736998));
#4519=CARTESIAN_POINT('',(-0.0973865067059645,1.72387875939904,0.00920419503029555));
#4520=CARTESIAN_POINT('',(0.00999999987914806,1.78637875939904,0.269999996736998));
#4521=CARTESIAN_POINT('',(0.0636270810742168,1.78637875939904,0.400237193925022));
#4522=CARTESIAN_POINT('',(0.00999999987914806,1.78637875939904,0.269999996736998));
#4523=CARTESIAN_POINT('Origin',(-0.109999998670629,1.78637875939904,0.169999997945517));
#4524=CARTESIAN_POINT('',(-0.109999998670629,1.72387875939904,0.169999997945517));
#4525=CARTESIAN_POINT('',(-0.3600665824398,1.72387875939904,-0.0383888218621259));
#4526=CARTESIAN_POINT('',(-0.109999998670629,1.78637875939904,0.169999997945517));
#4527=CARTESIAN_POINT('',(0.295407936164832,1.78637875939904,0.507839943641735));
#4528=CARTESIAN_POINT('',(-0.109999998670629,1.78637875939904,0.169999997945517));
#4529=CARTESIAN_POINT('Origin',(-0.25999999685785,1.78637875939904,0.139999998308073));
#4530=CARTESIAN_POINT('',(-0.25999999685785,1.72387875939904,0.139999998308073));
#4531=CARTESIAN_POINT('',(-0.540664037116284,1.72387875939904,0.083867190256386));
#4532=CARTESIAN_POINT('',(-0.25999999685785,1.78637875939904,0.139999998308073));
#4533=CARTESIAN_POINT('',(0.527283228772674,1.78637875939904,0.297456643434178));
#4534=CARTESIAN_POINT('',(-0.25999999685785,1.78637875939904,0.139999998308073));
#4535=CARTESIAN_POINT('Origin',(-0.417816332699505,1.78637875939904,0.152545756541702));
#4536=CARTESIAN_POINT('',(-0.417816332699505,1.72387875939904,0.152545756541702));
#4537=CARTESIAN_POINT('',(-0.60952386669036,1.72387875939904,0.167785727487596));
#4538=CARTESIAN_POINT('',(-0.417816332699505,1.78637875939904,0.152545756541702));
#4539=CARTESIAN_POINT('',(0.494166403563019,1.78637875939904,0.0800468301069085));
#4540=CARTESIAN_POINT('',(-0.417816332699505,1.78637875939904,0.152545756541702));
#4541=CARTESIAN_POINT('Origin',(-0.589999992869736,1.78637875939904,0.254402538961876));
#4542=CARTESIAN_POINT('',(-0.589999992869736,1.72387875939904,0.254402538961876));
#4543=CARTESIAN_POINT('',(-0.617885307545178,1.72387875939904,0.270898345978677));
#4544=CARTESIAN_POINT('',(-0.589999992869736,1.78637875939904,0.254402538961876));
#4545=CARTESIAN_POINT('',(0.204864988005114,1.78637875939904,-0.215806941602898));
#4546=CARTESIAN_POINT('',(-0.589999992869736,1.78637875939904,0.254402538961876));
#4547=CARTESIAN_POINT('Origin',(-0.589999992869736,1.78637875939904,0.579999992990588));
#4548=CARTESIAN_POINT('',(-0.589999992869736,1.72387875939904,0.289999996495294));
#4549=CARTESIAN_POINT('',(-0.589999992869736,1.78637875939904,0.289999996495294));
#4550=CARTESIAN_POINT('Origin',(0.300000009574289,1.78637875939904,1.20000003829716));
#4551=CARTESIAN_POINT('',(0.660555148627552,1.78637875939904,1.20000003829716));
#4552=CARTESIAN_POINT('Origin',(0.300000009574289,1.78637875939904,1.20000003829716));
#4553=CARTESIAN_POINT('',(0.660555148627552,1.72387875939904,1.20000003829716));
#4554=CARTESIAN_POINT('',(0.660555148627552,1.78637875939904,1.20000003829716));
#4555=CARTESIAN_POINT('Origin',(0.300000009574289,1.72387875939904,1.20000003829716));
#4556=CARTESIAN_POINT('Origin',(1.15000003670144,1.78637875939904,1.66701835652637));
#4557=CARTESIAN_POINT('',(0.736299580504893,1.72387875939904,1.66701835652637));
#4558=CARTESIAN_POINT('',(1.15000003670144,1.72387875939904,1.66701835652637));
#4559=CARTESIAN_POINT('',(0.167109417883831,1.72387875939904,1.66701835652637));
#4560=CARTESIAN_POINT('',(0.736299580504893,1.78637875939904,1.66701835652637));
#4561=CARTESIAN_POINT('',(0.736299580504893,1.78637875939904,1.66701835652637));
#4562=CARTESIAN_POINT('',(1.15000003670144,1.78637875939904,1.66701835652637));
#4563=CARTESIAN_POINT('',(1.27777457440835,1.78637875939904,1.66701835652637));
#4564=CARTESIAN_POINT('',(1.15000003670144,1.78637875939904,1.66701835652637));
#4565=CARTESIAN_POINT('Origin',(1.15000003670144,1.78637875939904,2.40000007659431));
#4566=CARTESIAN_POINT('',(1.15000003670144,1.72387875939904,2.40000007659431));
#4567=CARTESIAN_POINT('',(1.15000003670144,1.72387875939904,1.20000003829716));
#4568=CARTESIAN_POINT('',(1.15000003670144,1.78637875939904,2.40000007659431));
#4569=CARTESIAN_POINT('',(1.15000003670144,1.78637875939904,1.20000003829716));
#4570=CARTESIAN_POINT('',(1.15000003670144,1.78637875939904,2.40000007659431));
#4571=CARTESIAN_POINT('Origin',(1.30000004148859,1.78637875939904,2.40000007659431));
#4572=CARTESIAN_POINT('',(1.30000004148859,1.72387875939904,2.40000007659431));
#4573=CARTESIAN_POINT('',(0.242109420277404,1.72387875939904,2.40000007659431));
#4574=CARTESIAN_POINT('',(1.30000004148859,1.78637875939904,2.40000007659431));
#4575=CARTESIAN_POINT('',(1.35277457680192,1.78637875939904,2.40000007659431));
#4576=CARTESIAN_POINT('',(1.30000004148859,1.78637875939904,2.40000007659431));
#4577=CARTESIAN_POINT('Origin',(1.30000004148859,1.78637875939904,1.52198009070517));
#4578=CARTESIAN_POINT('',(1.30000004148859,1.72387875939904,1.52198009070517));
#4579=CARTESIAN_POINT('',(1.30000004148859,1.72387875939904,0.760990045352584));
#4580=CARTESIAN_POINT('',(1.30000004148859,1.78637875939904,1.52198009070517));
#4581=CARTESIAN_POINT('',(1.30000004148859,1.78637875939904,0.760990045352584));
#4582=CARTESIAN_POINT('',(1.30000004148859,1.78637875939904,1.52198009070517));
#4583=CARTESIAN_POINT('Origin',(0.736299580504894,1.78637875939904,1.52198009070517));
#4584=CARTESIAN_POINT('',(0.736299580504894,1.72387875939904,1.52198009070517));
#4585=CARTESIAN_POINT('',(-0.0397408102144428,1.72387875939904,1.52198009070517));
#4586=CARTESIAN_POINT('',(0.736299580504894,1.78637875939904,1.52198009070517));
#4587=CARTESIAN_POINT('',(1.07092434631007,1.78637875939904,1.52198009070517));
#4588=CARTESIAN_POINT('',(0.736299580504894,1.78637875939904,1.52198009070517));
#4589=CARTESIAN_POINT('Origin',(0.736299580504893,1.78637875939904,1.66701835652637));
#4590=CARTESIAN_POINT('',(0.736299580504903,1.72387875939904,0.833509178263195));
#4591=CARTESIAN_POINT('',(0.736299580504903,1.78637875939904,0.833509178263181));
#4592=CARTESIAN_POINT('Origin',(3.04268146400609,-4.96079755069488,0.958431168520911));
#4593=CARTESIAN_POINT('',(2.96050247002168,-4.96079755069488,0.958431168520889));
#4594=CARTESIAN_POINT('',(2.96050247002168,-3.70095503100983,0.958431168520918));
#4595=CARTESIAN_POINT('',(2.96050247002168,-5.19914877534744,0.95843116852091));
#4596=CARTESIAN_POINT('',(2.89800247002168,-4.96079755069488,0.958431168520889));
#4597=CARTESIAN_POINT('',(3.04268146400607,-4.96079755069488,0.958431168520889));
#4598=CARTESIAN_POINT('',(2.89800247002168,-3.70095503100983,0.958431168520918));
#4599=CARTESIAN_POINT('',(2.89800247002168,-1.88128712299576,0.958431168520927));
#4600=CARTESIAN_POINT('',(3.04268146400609,-3.70095503100983,0.958431168520918));
#4601=CARTESIAN_POINT('Origin',(3.04268146400609,-3.70095503100983,0.958431168520918));
#4602=CARTESIAN_POINT('',(2.96050247002168,-3.70095503100983,0.772446341615285));
#4603=CARTESIAN_POINT('',(2.96050247002168,-3.70095503100983,0.479215584260465));
#4604=CARTESIAN_POINT('',(2.89800247002168,-3.70095503100983,0.772446341615285));
#4605=CARTESIAN_POINT('',(2.89800247002168,-3.70095503100983,0.47921558426044));
#4606=CARTESIAN_POINT('',(3.04268146400609,-3.70095503100983,0.772446341615285));
#4607=CARTESIAN_POINT('Origin',(3.04268146400608,-4.96079755069488,0.78126581419018));
#4608=CARTESIAN_POINT('',(2.96050247002168,-5.13796290502558,0.781265814190199));
#4609=CARTESIAN_POINT('Origin',(2.96050247002168,-4.96079755069488,0.78126581419018));
#4610=CARTESIAN_POINT('',(2.89800247002168,-5.13796290502558,0.781265814190199));
#4611=CARTESIAN_POINT('',(3.04268146400609,-5.13796290502558,0.781265814190199));
#4612=CARTESIAN_POINT('Origin',(2.89800247002168,-4.96079755069488,0.78126581419018));
#4613=CARTESIAN_POINT('Origin',(3.04268146400609,-5.13796290502558,0.289139829938209));
#4614=CARTESIAN_POINT('',(2.96050247002168,-5.13796290502558,0.289139829938209));
#4615=CARTESIAN_POINT('',(2.96050247002168,-5.13796290502558,0.144569914969105));
#4616=CARTESIAN_POINT('',(2.89800247002168,-5.13796290502558,0.289139829938209));
#4617=CARTESIAN_POINT('',(3.04268146400608,-5.13796290502558,0.289139829938209));
#4618=CARTESIAN_POINT('',(2.89800247002168,-5.13796290502558,0.144569914969087));
#4619=CARTESIAN_POINT('Origin',(3.04268146400608,-4.96079755069487,0.289139829938209));
#4620=CARTESIAN_POINT('',(2.96050247002168,-4.96079755069487,0.111974475607511));
#4621=CARTESIAN_POINT('Origin',(2.96050247002168,-4.96079755069487,0.289139829938209));
#4622=CARTESIAN_POINT('',(2.34268146400609,-4.96079755069487,0.111974475607511));
#4623=CARTESIAN_POINT('',(3.04268146400609,-4.96079755069487,0.111974475607511));
#4624=CARTESIAN_POINT('',(2.34268146400608,-5.02747347590766,0.125));
#4625=CARTESIAN_POINT('Origin',(2.34268146400608,-4.96079755069487,0.289139829938208));
#4626=CARTESIAN_POINT('',(2.89800247002168,-5.02747347590766,0.125));
#4627=CARTESIAN_POINT('',(3.04268146400608,-5.02747347590766,0.125));
#4628=CARTESIAN_POINT('Origin',(2.89800247002168,-4.96079755069487,0.289139829938209));
#4629=CARTESIAN_POINT('Origin',(2.34268146400608,-4.20292353494684,0.535202822064208));
#4630=CARTESIAN_POINT('',(2.34268146400609,-3.70095503100983,0.125));
#4631=CARTESIAN_POINT('',(2.34268146400608,-3.01424207762366,0.125));
#4632=CARTESIAN_POINT('',(2.34268146400609,-3.70095503100983,0.111974475607518));
#4633=CARTESIAN_POINT('',(2.34268146400609,-4.96079755069487,0.111974475607511));
#4634=CARTESIAN_POINT('',(2.34268146400609,-3.70095503100983,0.111974475607518));
#4635=CARTESIAN_POINT('Origin',(3.04268146400609,-3.70095503100983,0.772446341615284));
#4636=CARTESIAN_POINT('',(2.96050247002168,-3.2678841648681,0.772446341615285));
#4637=CARTESIAN_POINT('',(2.96050247002168,-4.56922751550492,0.772446341615283));
#4638=CARTESIAN_POINT('',(2.89800247002168,-3.2678841648681,0.772446341615285));
#4639=CARTESIAN_POINT('',(2.89800247002168,-1.25136586315323,0.772446341615289));
#4640=CARTESIAN_POINT('',(3.04268146400609,-3.2678841648681,0.772446341615285));
#4641=CARTESIAN_POINT('Origin',(3.04268146400609,-3.70095503100983,0.111974475607518));
#4642=CARTESIAN_POINT('',(2.96050247002168,-3.70095503100983,0.111974475607518));
#4643=CARTESIAN_POINT('',(2.96050247002168,-4.56922751550492,0.111974475607513));
#4644=CARTESIAN_POINT('',(3.04268146400609,-3.70095503100983,0.111974475607518));
#4645=CARTESIAN_POINT('Origin',(3.04268146400609,-3.70095503100983,0.297959302513151));
#4646=CARTESIAN_POINT('',(2.96050247002168,-3.70095503100983,0.297959302513151));
#4647=CARTESIAN_POINT('',(2.96050247002168,-3.70095503100983,0.148979651256579));
#4648=CARTESIAN_POINT('',(2.89800247002168,-3.70095503100983,0.297959302513151));
#4649=CARTESIAN_POINT('',(3.04268146400609,-3.70095503100983,0.297959302513151));
#4650=CARTESIAN_POINT('',(2.89800247002168,-3.70095503100983,0.125));
#4651=CARTESIAN_POINT('',(2.89800247002168,-3.70095503100983,0.148979651256566));
#4652=CARTESIAN_POINT('',(1.65784196701389,-3.70095503100983,0.125));
#4653=CARTESIAN_POINT('Origin',(3.04268146400609,-3.2678841648681,0.297959302513154));
#4654=CARTESIAN_POINT('',(2.96050247002168,-3.2678841648681,0.297959302513154));
#4655=CARTESIAN_POINT('',(2.96050247002168,-4.35269208243405,0.297959302513146));
#4656=CARTESIAN_POINT('',(2.89800247002168,-3.2678841648681,0.297959302513154));
#4657=CARTESIAN_POINT('',(3.04268146400609,-3.2678841648681,0.297959302513154));
#4658=CARTESIAN_POINT('',(2.89800247002168,-1.03483043008237,0.29795930251317));
#4659=CARTESIAN_POINT('Origin',(3.04268146400609,-3.2678841648681,0.772446341615285));
#4660=CARTESIAN_POINT('',(2.96050247002168,-3.2678841648681,0.386223170807647));
#4661=CARTESIAN_POINT('',(2.89800247002168,-3.2678841648681,0.386223170807633));
#4662=CARTESIAN_POINT('Origin',(0.273002470021683,-1.82556062030048,0.125));
#4663=CARTESIAN_POINT('',(2.89800247002168,-0.313668657798559,0.125));
#4664=CARTESIAN_POINT('',(2.89800247002168,-1.27842434077457,0.125));
#4665=CARTESIAN_POINT('',(2.89800247002168,-0.313668657798559,0.125));
#4666=CARTESIAN_POINT('',(2.24268146400606,-1.27842434077457,0.125));
#4667=CARTESIAN_POINT('',(1.65784196701387,-1.27842434077457,0.125));
#4668=CARTESIAN_POINT('',(2.24268146400606,0.0113977074846635,0.125));
#4669=CARTESIAN_POINT('',(2.24268146400606,-0.823646023844614,0.125));
#4670=CARTESIAN_POINT('',(2.89800247002168,0.0113977074846643,0.125));
#4671=CARTESIAN_POINT('',(3.04268146400606,0.0113977074846646,0.125));
#4672=CARTESIAN_POINT('',(2.89800247002168,1.19822330470336,0.125));
#4673=CARTESIAN_POINT('',(2.89800247002168,-0.313668657798559,0.125));
#4674=CARTESIAN_POINT('',(1.91198873140137,0.212209566083047,0.125));
#4675=CARTESIAN_POINT('',(0.992799619460566,-0.706979545857757,0.125));
#4676=CARTESIAN_POINT('',(1.36178614097715,1.72387875939904,0.125));
#4677=CARTESIAN_POINT('',(1.86848830711289,0.331725999552335,0.125));
#4678=CARTESIAN_POINT('',(-0.815781200933779,1.72387875939904,0.125));
#4679=CARTESIAN_POINT('',(-0.271389365456046,1.72387875939904,0.125));
#4680=CARTESIAN_POINT('',(-1.365983791358,0.212209566083048,0.125));
#4681=CARTESIAN_POINT('',(-1.59758466228164,-0.424108597105659,0.125));
#4682=CARTESIAN_POINT('',(-2.35199752997832,1.19822330470336,0.125));
#4683=CARTESIAN_POINT('',(-0.939801548727357,-0.213972676547598,0.125));
#4684=CARTESIAN_POINT('',(-2.35199752997832,0.0135088349523982,0.125));
#4685=CARTESIAN_POINT('',(-2.35199752997832,-3.60028031015024,0.125));
#4686=CARTESIAN_POINT('',(-1.71330076203869,0.0135088349523982,0.125));
#4687=CARTESIAN_POINT('',(-2.51330076203869,0.0135088349523982,0.125));
#4688=CARTESIAN_POINT('',(-1.71330076203869,-1.27772032510684,0.125));
#4689=CARTESIAN_POINT('',(-1.71330076203869,-1.30065622073515,0.125));
#4690=CARTESIAN_POINT('',(-2.35199752997832,-1.27772032510684,0.125));
#4691=CARTESIAN_POINT('',(-1.1201491460085,-1.27772032510684,0.125));
#4692=CARTESIAN_POINT('',(-2.35199752997832,-3.60028031015024,0.125));
#4693=CARTESIAN_POINT('Origin',(-2.51564043275744,-3.70126534511783,0.797008236161841));
#4694=CARTESIAN_POINT('',(-2.41449752997832,-3.70126534511783,0.797008236161841));
#4695=CARTESIAN_POINT('',(-2.41449752997832,-3.70126534511783,0.982993063067472));
#4696=CARTESIAN_POINT('',(-2.41449752997832,-3.70126534511783,0.398504118080919));
#4697=CARTESIAN_POINT('',(-2.35199752997832,-3.70126534511783,0.797008236161841));
#4698=CARTESIAN_POINT('',(-2.51564043275744,-3.70126534511783,0.797008236161841));
#4699=CARTESIAN_POINT('',(-2.35199752997832,-3.70126534511783,0.982993063067472));
#4700=CARTESIAN_POINT('',(-2.35199752997832,-3.70126534511783,0.398504118080921));
#4701=CARTESIAN_POINT('',(-2.51564043275744,-3.70126534511783,0.982993063067472));
#4702=CARTESIAN_POINT('Origin',(-2.51564043275744,-3.70126534511783,0.982993063067473));
#4703=CARTESIAN_POINT('',(-2.41449752997832,-4.96110786480287,0.982993063067472));
#4704=CARTESIAN_POINT('',(-2.41449752997832,-1.17607684638308,0.982993063067474));
#4705=CARTESIAN_POINT('',(-2.35199752997832,-4.96110786480287,0.982993063067472));
#4706=CARTESIAN_POINT('',(-2.35199752997832,-4.53813267255892,0.982993063067472));
#4707=CARTESIAN_POINT('',(-2.51564043275744,-4.96110786480287,0.982993063067472));
#4708=CARTESIAN_POINT('Origin',(-2.51564043275744,-4.96110786480287,0.805827708736763));
#4709=CARTESIAN_POINT('',(-2.41449752997832,-5.13827321913358,0.805827708736763));
#4710=CARTESIAN_POINT('Origin',(-2.41449752997832,-4.96110786480287,0.805827708736763));
#4711=CARTESIAN_POINT('',(-2.35199752997832,-5.13827321913358,0.805827708736763));
#4712=CARTESIAN_POINT('Origin',(-2.35199752997832,-4.96110786480287,0.805827708736763));
#4713=CARTESIAN_POINT('',(-2.51564043275744,-5.13827321913358,0.805827708736763));
#4714=CARTESIAN_POINT('Origin',(-2.51564043275744,-5.13827321913358,0.805827708736763));
#4715=CARTESIAN_POINT('',(-2.41449752997832,-5.13827321913358,0.313701724484795));
#4716=CARTESIAN_POINT('',(-2.41449752997832,-5.13827321913358,0.40291385436838));
#4717=CARTESIAN_POINT('',(-2.35199752997832,-5.13827321913358,0.313701724484795));
#4718=CARTESIAN_POINT('',(-2.35199752997832,-5.13827321913358,0.402913854368382));
#4719=CARTESIAN_POINT('',(-2.51564043275744,-5.13827321913358,0.313701724484795));
#4720=CARTESIAN_POINT('Origin',(-2.51564043275744,-4.96110786480287,0.313701724484795));
#4721=CARTESIAN_POINT('',(-2.41449752997832,-4.96110786480287,0.136536370154086));
#4722=CARTESIAN_POINT('Origin',(-2.41449752997832,-4.96110786480287,0.313701724484795));
#4723=CARTESIAN_POINT('',(-2.35199752997832,-4.96110786480287,0.136536370154086));
#4724=CARTESIAN_POINT('Origin',(-2.35199752997832,-4.96110786480287,0.313701724484795));
#4725=CARTESIAN_POINT('',(-2.51564043275744,-4.96110786480287,0.136536370154086));
#4726=CARTESIAN_POINT('Origin',(-2.51564043275744,-4.96110786480287,0.136536370154086));
#4727=CARTESIAN_POINT('',(-2.41449752997832,-3.70126534511783,0.136536370154087));
#4728=CARTESIAN_POINT('',(-2.41449752997832,-1.8059981062256,0.136536370154088));
#4729=CARTESIAN_POINT('',(-2.35199752997832,-3.70126534511783,0.136536370154087));
#4730=CARTESIAN_POINT('',(-2.35199752997832,-5.16805393240144,0.136536370154086));
#4731=CARTESIAN_POINT('',(-2.51564043275744,-3.70126534511783,0.136536370154087));
#4732=CARTESIAN_POINT('Origin',(-2.51564043275744,-3.2681944789761,0.797008236161841));
#4733=CARTESIAN_POINT('',(-2.41449752997832,-3.2681944789761,0.797008236161841));
#4734=CARTESIAN_POINT('',(-2.41449752997832,-0.95954141331221,0.797008236161843));
#4735=CARTESIAN_POINT('',(-2.35199752997832,-3.2681944789761,0.797008236161841));
#4736=CARTESIAN_POINT('',(-2.51564043275744,-3.2681944789761,0.797008236161841));
#4737=CARTESIAN_POINT('',(-2.35199752997832,-4.32159723948805,0.797008236161841));
#4738=CARTESIAN_POINT('Origin',(-2.51564043275744,-3.2681944789761,0.322521197059718));
#4739=CARTESIAN_POINT('',(-2.41449752997832,-3.2681944789761,0.322521197059718));
#4740=CARTESIAN_POINT('',(-2.41449752997832,-3.2681944789761,0.161260598529858));
#4741=CARTESIAN_POINT('',(-2.35199752997832,-3.2681944789761,0.322521197059718));
#4742=CARTESIAN_POINT('',(-2.51564043275744,-3.2681944789761,0.322521197059718));
#4743=CARTESIAN_POINT('',(-2.35199752997832,-3.2681944789761,0.16126059852986));
#4744=CARTESIAN_POINT('Origin',(-2.51564043275744,-3.70126534511783,0.322521197059718));
#4745=CARTESIAN_POINT('',(-2.41449752997832,-3.70126534511783,0.322521197059718));
#4746=CARTESIAN_POINT('',(-2.41449752997832,-1.17607684638308,0.322521197059719));
#4747=CARTESIAN_POINT('',(-2.35199752997832,-3.70126534511783,0.322521197059718));
#4748=CARTESIAN_POINT('',(-2.51564043275744,-3.70126534511783,0.322521197059718));
#4749=CARTESIAN_POINT('',(-2.35199752997832,-4.53813267255892,0.322521197059717));
#4750=CARTESIAN_POINT('Origin',(-2.51564043275744,-3.70126534511783,0.136536370154087));
#4751=CARTESIAN_POINT('',(-2.41449752997832,-3.70126534511783,0.0682681850770422));
#4752=CARTESIAN_POINT('',(-2.35199752997832,-3.70126534511783,0.068268185077044));
#4753=CARTESIAN_POINT('Origin',(-2.41449752997832,1.34911165235168,0.));
#4754=CARTESIAN_POINT('',(-2.41449752997832,1.34911165235168,0.));
#4755=CARTESIAN_POINT('',(-2.41449752997832,-2.23679279572055E-16,0.));
#4756=CARTESIAN_POINT('',(-2.41449752997832,1.34911165235168,2.5));
#4757=CARTESIAN_POINT('',(-2.41449752997832,-2.23679279572055E-16,2.5));
#4758=CARTESIAN_POINT('',(-2.41449752997832,1.34911165235168,0.));
#4759=CARTESIAN_POINT('',(-2.41449752997832,-1.27772032510681,0.968654297897891));
#4760=CARTESIAN_POINT('',(-2.41449752997832,-1.27772032510682,0.782669470992261));
#4761=CARTESIAN_POINT('',(-2.41449752997832,-1.27772032510683,0.484327148948984));
#4762=CARTESIAN_POINT('',(-2.41449752997832,-1.71079119124855,0.782669470992273));
#4763=CARTESIAN_POINT('',(-2.41449752997832,0.0356956636224418,0.782669470992223));
#4764=CARTESIAN_POINT('',(-2.41449752997832,-1.71079119124857,0.308182431890151));
#4765=CARTESIAN_POINT('',(-2.41449752997832,-1.71079119124856,0.391334735496181));
#4766=CARTESIAN_POINT('',(-2.41449752997832,-1.27772032510683,0.308182431890138));
#4767=CARTESIAN_POINT('',(-2.41449752997832,-0.180839769448438,0.308182431890107));
#4768=CARTESIAN_POINT('',(-2.41449752997832,-1.27772032510684,0.122197604984507));
#4769=CARTESIAN_POINT('',(-2.41449752997832,-1.27772032510684,0.154091215945107));
#4770=CARTESIAN_POINT('',(-2.41449752997832,-0.0178778054218,0.12219760498447));
#4771=CARTESIAN_POINT('',(-2.41449752997832,0.0356956636224228,0.122197604984469));
#4772=CARTESIAN_POINT('',(-2.41449752997832,0.159287548908914,0.299362959315174));
#4773=CARTESIAN_POINT('Origin',(-2.41449752997832,-0.0178778054217949,0.299362959315179));
#4774=CARTESIAN_POINT('',(-2.41449752997832,0.159287548908928,0.791488943567141));
#4775=CARTESIAN_POINT('',(-2.41449752997832,0.159287548908909,0.149681479657604));
#4776=CARTESIAN_POINT('',(-2.41449752997832,-0.0178778054217755,0.968654297897855));
#4777=CARTESIAN_POINT('Origin',(-2.41449752997832,-0.0178778054217805,0.791488943567147));
#4778=CARTESIAN_POINT('',(-2.41449752997832,0.665616923464967,0.968654297897835));
#4779=CARTESIAN_POINT('Origin',(-2.35199752997832,-5.375,0.));
#4780=CARTESIAN_POINT('',(-2.35199752997832,0.159287548908914,0.299362959315174));
#4781=CARTESIAN_POINT('Origin',(-2.35199752997832,-0.0178778054217949,0.299362959315179));
#4782=CARTESIAN_POINT('',(-2.35199752997832,1.19822330470336,2.5));
#4783=CARTESIAN_POINT('',(-2.35199752997832,1.19822330470336,0.));
#4784=CARTESIAN_POINT('',(-2.35199752997832,-2.4191860429853E-16,2.5));
#4785=CARTESIAN_POINT('',(-2.35199752997832,-1.27772032510683,0.308182431890138));
#4786=CARTESIAN_POINT('',(-2.35199752997832,-1.27772032510684,0.154091215945009));
#4787=CARTESIAN_POINT('',(-2.35199752997832,-1.71079119124857,0.308182431890151));
#4788=CARTESIAN_POINT('',(-2.35199752997832,-3.54289559562428,0.308182431890203));
#4789=CARTESIAN_POINT('',(-2.35199752997832,-1.71079119124855,0.782669470992273));
#4790=CARTESIAN_POINT('',(-2.35199752997832,-1.71079119124856,0.391334735496084));
#4791=CARTESIAN_POINT('',(-2.35199752997832,-1.27772032510682,0.782669470992261));
#4792=CARTESIAN_POINT('',(-2.35199752997832,-3.3263601625534,0.78266947099232));
#4793=CARTESIAN_POINT('',(-2.35199752997832,-1.27772032510681,0.968654297897891));
#4794=CARTESIAN_POINT('',(-2.35199752997832,-1.27772032510683,0.484327148948886));
#4795=CARTESIAN_POINT('',(-2.35199752997832,-0.0178778054217755,0.968654297897855));
#4796=CARTESIAN_POINT('',(-2.35199752997832,-2.69643890271087,0.968654297897932));
#4797=CARTESIAN_POINT('',(-2.35199752997832,0.159287548908928,0.791488943567141));
#4798=CARTESIAN_POINT('Origin',(-2.35199752997832,-0.0178778054217805,0.791488943567147));
#4799=CARTESIAN_POINT('',(-2.35199752997832,0.15928754890891,0.149681479657507));
#4800=CARTESIAN_POINT('Origin',(-2.51330076203869,-1.27772032510684,0.122197604984507));
#4801=CARTESIAN_POINT('',(-1.71330076203869,-1.27772032510684,0.122197604984507));
#4802=CARTESIAN_POINT('',(-2.51330076203869,-1.27772032510684,0.122197604984507));
#4803=CARTESIAN_POINT('',(-1.71330076203869,-0.0178778054218,0.12219760498447));
#4804=CARTESIAN_POINT('',(-1.71330076203869,-0.0178778054218,0.12219760498447));
#4805=CARTESIAN_POINT('',(-2.51330076203869,-0.0178778054218,0.12219760498447));
#4806=CARTESIAN_POINT('Origin',(-2.51330076203869,-0.0178778054217755,0.968654297897855));
#4807=CARTESIAN_POINT('',(-2.51330076203869,-0.0178778054217755,0.968654297897855));
#4808=CARTESIAN_POINT('',(-2.51330076203869,-1.27772032510681,0.968654297897891));
#4809=CARTESIAN_POINT('Origin',(-2.51330076203869,-0.0178778054217805,0.791488943567147));
#4810=CARTESIAN_POINT('',(-2.51330076203869,0.159287548908928,0.791488943567141));
#4811=CARTESIAN_POINT('Origin',(-2.51330076203869,0.159287548908914,0.299362959315174));
#4812=CARTESIAN_POINT('',(-2.51330076203869,0.159287548908914,0.299362959315174));
#4813=CARTESIAN_POINT('Origin',(-2.51330076203869,-0.0178778054217949,0.299362959315179));
#4814=CARTESIAN_POINT('Origin',(-1.71330076203869,-0.0178778054217948,0.299362959315179));
#4815=CARTESIAN_POINT('Origin',(-1.71330076203869,-0.775751821169819,0.545425951441181));
#4816=CARTESIAN_POINT('',(-1.71330076203869,-1.27772032510683,0.308182431890138));
#4817=CARTESIAN_POINT('Origin',(-2.51330076203869,-1.27772032510681,0.968654297897891));
#4818=CARTESIAN_POINT('',(-2.51330076203869,-1.27772032510682,0.782669470992261));
#4819=CARTESIAN_POINT('Origin',(-2.51330076203869,-1.27772032510683,0.308182431890138));
#4820=CARTESIAN_POINT('',(-2.51330076203869,-1.27772032510683,0.308182431890138));
#4821=CARTESIAN_POINT('Origin',(-2.51330076203869,-1.71079119124857,0.308182431890151));
#4822=CARTESIAN_POINT('',(-2.51330076203869,-1.71079119124857,0.308182431890151));
#4823=CARTESIAN_POINT('Origin',(-2.51330076203869,-1.71079119124855,0.782669470992273));
#4824=CARTESIAN_POINT('',(-2.51330076203869,-1.71079119124855,0.782669470992273));
#4825=CARTESIAN_POINT('Origin',(-2.51330076203869,-1.27772032510682,0.782669470992261));
#4826=CARTESIAN_POINT('Origin',(3.04268146400606,-1.71149520691631,0.782916908393835));
#4827=CARTESIAN_POINT('',(2.96050247002168,-1.71149520691631,0.782916908393835));
#4828=CARTESIAN_POINT('',(2.96050247002168,-1.27842434077457,0.782916908393836));
#4829=CARTESIAN_POINT('',(2.96050247002168,-3.57449760345816,0.782916908393835));
#4830=CARTESIAN_POINT('',(2.89800247002168,-1.71149520691631,0.782916908393835));
#4831=CARTESIAN_POINT('',(3.04268146400606,-1.71149520691631,0.782916908393835));
#4832=CARTESIAN_POINT('',(2.89800247002168,-1.27842434077457,0.782916908393836));
#4833=CARTESIAN_POINT('',(2.89800247002168,-0.256635951106471,0.782916908393835));
#4834=CARTESIAN_POINT('',(3.04268146400606,-1.27842434077457,0.782916908393836));
#4835=CARTESIAN_POINT('Origin',(3.04268146400606,-1.27842434077457,0.782916908393836));
#4836=CARTESIAN_POINT('',(2.96050247002168,-1.27842434077457,0.968901735299466));
#4837=CARTESIAN_POINT('',(2.96050247002168,-1.27842434077458,0.391458454196918));
#4838=CARTESIAN_POINT('',(2.89800247002168,-1.27842434077457,0.968901735299466));
#4839=CARTESIAN_POINT('',(2.89800247002168,-1.27842434077457,0.391458454196918));
#4840=CARTESIAN_POINT('',(3.04268146400606,-1.27842434077457,0.968901735299466));
#4841=CARTESIAN_POINT('Origin',(3.04268146400606,-1.71149520691631,0.308429869291711));
#4842=CARTESIAN_POINT('',(2.96050247002168,-1.71149520691631,0.308429869291711));
#4843=CARTESIAN_POINT('',(2.96050247002168,-1.71149520691631,0.154214934645856));
#4844=CARTESIAN_POINT('',(2.89800247002168,-1.71149520691631,0.308429869291711));
#4845=CARTESIAN_POINT('',(3.04268146400606,-1.71149520691631,0.308429869291711));
#4846=CARTESIAN_POINT('',(2.89800247002168,-1.71149520691631,0.154214934645856));
#4847=CARTESIAN_POINT('Origin',(3.04268146400606,-1.27842434077457,0.308429869291711));
#4848=CARTESIAN_POINT('',(2.96050247002168,-1.27842434077457,0.30842986929171));
#4849=CARTESIAN_POINT('',(2.96050247002168,-3.35796217038729,0.308429869291712));
#4850=CARTESIAN_POINT('',(2.89800247002168,-1.27842434077457,0.30842986929171));
#4851=CARTESIAN_POINT('',(3.04268146400606,-1.27842434077457,0.30842986929171));
#4852=CARTESIAN_POINT('',(2.89800247002168,-0.040100518035605,0.308429869291711));
#4853=CARTESIAN_POINT('Origin',(3.04268146400606,-1.27842434077457,0.12244504238608));
#4854=CARTESIAN_POINT('',(2.96050247002168,-1.27842434077457,0.12244504238608));
#4855=CARTESIAN_POINT('',(2.96050247002168,-1.27842434077458,0.0612225211930399));
#4856=CARTESIAN_POINT('',(2.24268146400606,-1.27842434077457,0.12244504238608));
#4857=CARTESIAN_POINT('',(3.04268146400606,-1.27842434077457,0.12244504238608));
#4858=CARTESIAN_POINT('',(2.24268146400606,-1.27842434077457,0.102760003016001));
#4859=CARTESIAN_POINT('',(2.89800247002168,-1.27842434077457,0.0612225211930401));
#4860=CARTESIAN_POINT('Origin',(2.24268146400606,0.178268572611252,0.102760003016001));
#4861=CARTESIAN_POINT('',(2.24268146400606,-0.0185818210895352,0.12244504238608));
#4862=CARTESIAN_POINT('',(2.24268146400606,0.178268572611252,0.12244504238608));
#4863=CARTESIAN_POINT('Origin',(2.24268146400606,-0.0185818210895352,0.299610396716789));
#4864=CARTESIAN_POINT('Origin',(3.04268146400606,-1.27842434077457,0.968901735299466));
#4865=CARTESIAN_POINT('',(2.96050247002168,-0.0185818210895352,0.968901735299466));
#4866=CARTESIAN_POINT('',(2.96050247002168,-3.35796217038729,0.968901735299466));
#4867=CARTESIAN_POINT('',(2.89800247002168,-0.0185818210895352,0.968901735299466));
#4868=CARTESIAN_POINT('',(2.89800247002168,-0.0401005180356049,0.968901735299466));
#4869=CARTESIAN_POINT('',(3.04268146400606,-0.0185818210895352,0.968901735299466));
#4870=CARTESIAN_POINT('Origin',(3.04268146400606,-0.0185818210895352,0.12244504238608));
#4871=CARTESIAN_POINT('',(2.96050247002168,-0.0185818210895352,0.12244504238608));
#4872=CARTESIAN_POINT('',(2.96050247002168,-2.72804091054477,0.12244504238608));
#4873=CARTESIAN_POINT('',(3.04268146400606,-0.0185818210895352,0.12244504238608));
#4874=CARTESIAN_POINT('Origin',(3.04268146400606,-0.0185818210895352,0.299610396716789));
#4875=CARTESIAN_POINT('',(2.96050247002168,0.158583533241173,0.299610396716789));
#4876=CARTESIAN_POINT('Origin',(2.96050247002168,-0.0185818210895352,0.299610396716789));
#4877=CARTESIAN_POINT('',(2.89800247002168,0.158583533241173,0.299610396716789));
#4878=CARTESIAN_POINT('',(3.04268146400606,0.158583533241173,0.299610396716789));
#4879=CARTESIAN_POINT('Origin',(2.89800247002168,-0.0185818210895352,0.299610396716789));
#4880=CARTESIAN_POINT('Origin',(3.04268146400606,0.158583533241174,0.791736380968757));
#4881=CARTESIAN_POINT('',(2.96050247002168,0.158583533241173,0.791736380968757));
#4882=CARTESIAN_POINT('',(2.96050247002168,0.158583533241174,0.395868190484378));
#4883=CARTESIAN_POINT('',(2.89800247002168,0.158583533241173,0.791736380968757));
#4884=CARTESIAN_POINT('',(3.04268146400606,0.158583533241173,0.791736380968757));
#4885=CARTESIAN_POINT('',(2.89800247002168,0.158583533241173,0.395868190484379));
#4886=CARTESIAN_POINT('Origin',(3.04268146400606,-0.0185818210895352,0.791736380968757));
#4887=CARTESIAN_POINT('Origin',(2.96050247002168,-0.0185818210895352,0.791736380968757));
#4888=CARTESIAN_POINT('Origin',(2.89800247002168,-0.0185818210895352,0.791736380968757));
#4889=CARTESIAN_POINT('Origin',(2.96050247002168,-5.4375,0.));
#4890=CARTESIAN_POINT('',(2.96050247002168,1.34911165235168,0.));
#4891=CARTESIAN_POINT('',(2.96050247002168,-5.4375,0.));
#4892=CARTESIAN_POINT('',(2.96050247002168,1.34911165235168,2.5));
#4893=CARTESIAN_POINT('',(2.96050247002168,1.34911165235168,0.));
#4894=CARTESIAN_POINT('',(2.96050247002168,-5.4375,2.5));
#4895=CARTESIAN_POINT('Origin',(1.36178614097715,1.72387875939904,0.));
#4896=CARTESIAN_POINT('',(1.91198873140137,0.212209566083047,2.5));
#4897=CARTESIAN_POINT('',(1.91198873140137,0.212209566083047,0.));
#4898=CARTESIAN_POINT('',(1.36178614097715,1.72387875939904,2.5));
#4899=CARTESIAN_POINT('',(1.91198873140137,0.212209566083047,2.5));
#4900=CARTESIAN_POINT('',(1.36178614097715,1.72387875939904,0.));
#4901=CARTESIAN_POINT('Origin',(1.91198873140137,0.212209566083047,0.));
#4902=CARTESIAN_POINT('',(2.89800247002168,1.19822330470336,2.5));
#4903=CARTESIAN_POINT('',(2.89800247002168,1.19822330470336,0.));
#4904=CARTESIAN_POINT('',(2.89800247002168,1.19822330470336,2.5));
#4905=CARTESIAN_POINT('Origin',(2.89800247002168,1.19822330470336,0.));
#4906=CARTESIAN_POINT('',(2.89800247002168,-5.375,2.5));
#4907=CARTESIAN_POINT('Origin',(-0.815781200933779,1.72387875939904,0.));
#4908=CARTESIAN_POINT('',(-0.815781200933779,1.72387875939904,2.5));
#4909=CARTESIAN_POINT('',(-0.815781200933779,1.72387875939904,2.5));
#4910=CARTESIAN_POINT('',(-0.815781200933779,1.72387875939904,0.));
#4911=CARTESIAN_POINT('Origin',(-1.365983791358,0.212209566083048,0.));
#4912=CARTESIAN_POINT('',(-1.365983791358,0.212209566083048,2.5));
#4913=CARTESIAN_POINT('',(-1.365983791358,0.212209566083048,2.5));
#4914=CARTESIAN_POINT('',(-1.365983791358,0.212209566083048,0.));
#4915=CARTESIAN_POINT('Origin',(-2.35199752997832,1.19822330470336,0.));
#4916=CARTESIAN_POINT('',(-2.35199752997832,1.19822330470336,2.5));
#4917=CARTESIAN_POINT('Origin',(-1.39116057477825,0.325774697151613,0.));
#4918=CARTESIAN_POINT('',(-1.39116057477825,0.325774697151613,0.));
#4919=CARTESIAN_POINT('',(-2.41449752997832,1.34911165235168,0.));
#4920=CARTESIAN_POINT('',(-1.39116057477825,0.325774697151613,2.5));
#4921=CARTESIAN_POINT('',(-2.41449752997832,1.34911165235168,2.5));
#4922=CARTESIAN_POINT('',(-1.39116057477825,0.325774697151613,0.));
#4923=CARTESIAN_POINT('Origin',(-0.859544172071885,1.78637875939904,0.));
#4924=CARTESIAN_POINT('',(-0.859544172071885,1.78637875939904,0.));
#4925=CARTESIAN_POINT('',(-1.39116057477825,0.325774697151613,0.));
#4926=CARTESIAN_POINT('',(-0.859544172071885,1.78637875939904,2.5));
#4927=CARTESIAN_POINT('',(-1.39116057477825,0.325774697151613,2.5));
#4928=CARTESIAN_POINT('',(-0.859544172071885,1.78637875939904,0.));
#4929=CARTESIAN_POINT('Origin',(1.40554911211525,1.78637875939904,0.));
#4930=CARTESIAN_POINT('',(1.40554911211525,1.78637875939904,0.));
#4931=CARTESIAN_POINT('',(-0.859544172071885,1.78637875939904,0.));
#4932=CARTESIAN_POINT('',(1.40554911211525,1.78637875939904,2.5));
#4933=CARTESIAN_POINT('',(-0.859544172071885,1.78637875939904,2.5));
#4934=CARTESIAN_POINT('',(1.40554911211525,1.78637875939904,0.));
#4935=CARTESIAN_POINT('Origin',(1.93716551482162,0.325774697151613,0.));
#4936=CARTESIAN_POINT('',(1.93716551482162,0.325774697151613,0.));
#4937=CARTESIAN_POINT('',(1.93716551482162,0.325774697151613,0.));
#4938=CARTESIAN_POINT('',(1.93716551482162,0.325774697151613,2.5));
#4939=CARTESIAN_POINT('',(1.93716551482162,0.325774697151613,2.5));
#4940=CARTESIAN_POINT('',(1.93716551482162,0.325774697151613,0.));
#4941=CARTESIAN_POINT('Origin',(2.96050247002168,1.34911165235168,0.));
#4942=CARTESIAN_POINT('',(2.96050247002168,1.34911165235168,0.));
#4943=CARTESIAN_POINT('',(2.96050247002168,1.34911165235168,2.5));
#4944=CARTESIAN_POINT('Origin',(0.273002470021683,-1.82556062030048,2.5));
#4945=CARTESIAN_POINT('Origin',(0.273002470021683,-1.82556062030048,0.));
#4946=CARTESIAN_POINT('Origin',(2.96050247002168,-5.4375,0.));
#4947=CARTESIAN_POINT('',(2.96050247002168,-0.274487332900559,0.655909609315214));
#4948=CARTESIAN_POINT('Origin',(2.96050247002168,-0.274487332900559,0.545673388842773));
#4949=CARTESIAN_POINT('Origin',(2.89800247002168,1.19822330470336,0.));
#4950=CARTESIAN_POINT('',(2.89800247002168,-0.274487332900559,0.655909609315214));
#4951=CARTESIAN_POINT('Origin',(2.89800247002168,-0.274487332900559,0.545673388842773));
#4952=CARTESIAN_POINT('Origin',(3.04268146400606,-0.274487332900559,0.545673388842773));
#4953=CARTESIAN_POINT('',(3.04268146400606,-0.274487332900559,0.655909609315214));
#4954=CARTESIAN_POINT('Origin',(3.04268146400606,-1.08157394707379,0.201185199866395));
#4955=CARTESIAN_POINT('',(2.96050247002168,-1.08157394707379,0.260240317976631));
#4956=CARTESIAN_POINT('Origin',(2.96050247002168,-1.08157394707379,0.201185199866395));
#4957=CARTESIAN_POINT('',(2.89800247002168,-1.08157394707379,0.260240317976631));
#4958=CARTESIAN_POINT('',(3.04268146400606,-1.08157394707379,0.260240317976631));
#4959=CARTESIAN_POINT('Origin',(2.89800247002168,-1.08157394707379,0.201185199866395));
#4960=CARTESIAN_POINT('Origin',(2.89800247002168,1.19822330470336,0.));
#4961=CARTESIAN_POINT('Origin',(2.96050247002168,-5.4375,0.));
#4962=CARTESIAN_POINT('Origin',(2.96050247002168,-5.4375,0.));
#4963=CARTESIAN_POINT('',(2.96050247002168,-1.08157394707379,0.949216695929387));
#4964=CARTESIAN_POINT('Origin',(2.96050247002168,-1.08157394707379,0.890161577819151));
#4965=CARTESIAN_POINT('Origin',(2.89800247002168,1.19822330470336,0.));
#4966=CARTESIAN_POINT('',(2.89800247002168,-1.08157394707379,0.949216695929387));
#4967=CARTESIAN_POINT('Origin',(2.89800247002168,-1.08157394707379,0.890161577819151));
#4968=CARTESIAN_POINT('Origin',(3.04268146400606,-1.08157394707379,0.890161577819151));
#4969=CARTESIAN_POINT('',(3.04268146400606,-1.08157394707379,0.949216695929387));
#4970=CARTESIAN_POINT('Origin',(-2.41449752997832,1.34911165235168,0.));
#4971=CARTESIAN_POINT('',(-2.41449752997832,-0.16354709676037,0.54542595144117));
#4972=CARTESIAN_POINT('Origin',(-2.41449752997832,-0.273783317232811,0.54542595144117));
#4973=CARTESIAN_POINT('Origin',(-2.35199752997832,-5.375,0.));
#4974=CARTESIAN_POINT('',(-2.35199752997832,-0.16354709676037,0.54542595144117));
#4975=CARTESIAN_POINT('Origin',(-2.35199752997832,-0.273783317232811,0.54542595144117));
#4976=CARTESIAN_POINT('Origin',(-2.51330076203869,-0.273783317232811,0.54542595144117));
#4977=CARTESIAN_POINT('',(-2.51330076203869,-0.16354709676037,0.54542595144117));
#4978=CARTESIAN_POINT('Origin',(-2.51330076203869,-1.08086993140603,0.889914140417571));
#4979=CARTESIAN_POINT('',(-2.41449752997832,-1.02181481329579,0.889914140417571));
#4980=CARTESIAN_POINT('Origin',(-2.41449752997832,-1.08086993140603,0.889914140417571));
#4981=CARTESIAN_POINT('',(-2.35199752997832,-1.02181481329579,0.889914140417571));
#4982=CARTESIAN_POINT('',(-2.51330076203869,-1.02181481329579,0.889914140417571));
#4983=CARTESIAN_POINT('Origin',(-2.35199752997832,-1.08086993140603,0.889914140417571));
#4984=CARTESIAN_POINT('Origin',(-2.35199752997832,-5.375,0.));
#4985=CARTESIAN_POINT('Origin',(-2.41449752997832,1.34911165235168,0.));
#4986=CARTESIAN_POINT('Origin',(-2.41449752997832,1.34911165235168,0.));
#4987=CARTESIAN_POINT('',(-2.41449752997832,-1.02181481329581,0.200937762464816));
#4988=CARTESIAN_POINT('Origin',(-2.41449752997832,-1.08086993140605,0.200937762464816));
#4989=CARTESIAN_POINT('Origin',(-2.35199752997832,-5.375,0.));
#4990=CARTESIAN_POINT('',(-2.35199752997832,-1.02181481329581,0.200937762464816));
#4991=CARTESIAN_POINT('Origin',(-2.35199752997832,-1.08086993140605,0.200937762464816));
#4992=CARTESIAN_POINT('Origin',(-2.51330076203869,-1.08086993140605,0.200937762464816));
#4993=CARTESIAN_POINT('',(-2.51330076203869,-1.02181481329581,0.200937762464816));
#4994=CARTESIAN_POINT('Origin',(-2.35199752997832,-5.375,0.));
#4995=CARTESIAN_POINT('',(-2.35199752997832,-4.70520235299185,0.449528496138338));
#4996=CARTESIAN_POINT('Origin',(-2.35199752997832,-4.70520235299185,0.559764716610779));
#4997=CARTESIAN_POINT('Origin',(-2.41449752997832,1.34911165235168,0.));
#4998=CARTESIAN_POINT('',(-2.41449752997832,-4.70520235299185,0.449528496138338));
#4999=CARTESIAN_POINT('Origin',(-2.41449752997832,-4.70520235299185,0.559764716610779));
#5000=CARTESIAN_POINT('Origin',(-2.51564043275744,-4.70520235299185,0.559764716610779));
#5001=CARTESIAN_POINT('',(-2.51564043275744,-4.70520235299185,0.449528496138338));
#5002=CARTESIAN_POINT('Origin',(-2.51564043275744,-3.89811573881862,0.904252905587157));
#5003=CARTESIAN_POINT('',(-2.41449752997832,-3.89811573881862,0.845197787476921));
#5004=CARTESIAN_POINT('Origin',(-2.41449752997832,-3.89811573881862,0.904252905587157));
#5005=CARTESIAN_POINT('',(-2.35199752997832,-3.89811573881862,0.845197787476921));
#5006=CARTESIAN_POINT('',(-2.51564043275744,-3.89811573881862,0.845197787476921));
#5007=CARTESIAN_POINT('Origin',(-2.35199752997832,-3.89811573881862,0.904252905587157));
#5008=CARTESIAN_POINT('Origin',(-2.41449752997832,1.34911165235168,0.));
#5009=CARTESIAN_POINT('Origin',(-2.35199752997832,-5.375,0.));
#5010=CARTESIAN_POINT('Origin',(-2.35199752997832,-5.375,0.));
#5011=CARTESIAN_POINT('',(-2.35199752997832,-3.89811573881862,0.156221409524165));
#5012=CARTESIAN_POINT('Origin',(-2.35199752997832,-3.89811573881862,0.215276527634401));
#5013=CARTESIAN_POINT('Origin',(-2.41449752997832,1.34911165235168,0.));
#5014=CARTESIAN_POINT('',(-2.41449752997832,-3.89811573881862,0.156221409524165));
#5015=CARTESIAN_POINT('Origin',(-2.41449752997832,-3.89811573881862,0.215276527634401));
#5016=CARTESIAN_POINT('Origin',(-2.51564043275744,-3.89811573881862,0.215276527634401));
#5017=CARTESIAN_POINT('',(-2.51564043275744,-3.89811573881862,0.156221409524165));
#5018=CARTESIAN_POINT('Origin',(2.82355013749199,1.90583123645235,0.));
#5019=CARTESIAN_POINT('',(2.82355013749199,1.90583123645235,0.));
#5020=CARTESIAN_POINT('',(2.82355013749199,1.12499998640416,0.));
#5021=CARTESIAN_POINT('',(2.82355013749199,1.90583123645235,0.));
#5022=CARTESIAN_POINT('',(2.82355013749199,1.12499998640416,1.25));
#5023=CARTESIAN_POINT('',(2.82355013749199,1.12499998640416,0.));
#5024=CARTESIAN_POINT('',(2.82355013749199,1.90583123645235,1.25));
#5025=CARTESIAN_POINT('',(2.82355013749199,1.90583123645235,1.25));
#5026=CARTESIAN_POINT('',(2.82355013749199,1.90583123645235,0.));
#5027=CARTESIAN_POINT('Origin',(4.99973876166386,1.90583123645216,0.));
#5028=CARTESIAN_POINT('',(4.99973876166386,1.90583123645216,0.));
#5029=CARTESIAN_POINT('',(4.99973876166386,1.90583123645216,0.));
#5030=CARTESIAN_POINT('',(4.99973876166386,1.90583123645215,1.25));
#5031=CARTESIAN_POINT('',(4.99973876166386,1.90583123645216,1.25));
#5032=CARTESIAN_POINT('',(4.99973876166386,1.90583123645216,0.));
#5033=CARTESIAN_POINT('Origin',(4.99973876166941,-6.37736524860341,0.));
#5034=CARTESIAN_POINT('',(4.99973876166941,-6.37736524860341,0.));
#5035=CARTESIAN_POINT('',(4.99973876166941,-6.37736524860341,0.));
#5036=CARTESIAN_POINT('',(4.99973876166941,-6.37736524860341,1.25));
#5037=CARTESIAN_POINT('',(4.99973876166941,-6.37736524860341,1.25));
#5038=CARTESIAN_POINT('',(4.99973876166941,-6.37736524860341,0.));
#5039=CARTESIAN_POINT('Origin',(2.6397387616423,-6.37736524860417,0.));
#5040=CARTESIAN_POINT('',(2.6397387616423,-6.37736524860417,0.));
#5041=CARTESIAN_POINT('',(2.6397387616423,-6.37736524860417,0.));
#5042=CARTESIAN_POINT('',(2.6397387616423,-6.37736524860417,1.25));
#5043=CARTESIAN_POINT('',(2.6397387616423,-6.37736524860417,1.25));
#5044=CARTESIAN_POINT('',(2.6397387616423,-6.37736524860417,0.));
#5045=CARTESIAN_POINT('Origin',(2.63973876164268,-5.37499993504208,0.));
#5046=CARTESIAN_POINT('',(2.63973876164268,-5.37499993504208,0.));
#5047=CARTESIAN_POINT('',(2.63973876164268,-5.37499993504208,0.));
#5048=CARTESIAN_POINT('',(2.63973876164268,-5.37499993504208,1.25));
#5049=CARTESIAN_POINT('',(2.63973876164268,-5.37499993504208,1.25));
#5050=CARTESIAN_POINT('',(2.63973876164268,-5.37499993504208,0.));
#5051=CARTESIAN_POINT('Origin',(2.86255013749199,1.90583123645235,0.));
#5052=CARTESIAN_POINT('',(2.86255013749199,1.86683123645234,0.));
#5053=CARTESIAN_POINT('',(2.86255013749199,1.12499998640416,0.));
#5054=CARTESIAN_POINT('',(2.86255013749199,1.90583123645235,0.));
#5055=CARTESIAN_POINT('',(2.86255013749199,1.86683123645234,1.25));
#5056=CARTESIAN_POINT('',(2.86255013749199,1.86683123645234,0.));
#5057=CARTESIAN_POINT('',(2.86255013749199,1.12499998640416,1.25));
#5058=CARTESIAN_POINT('',(2.86255013749199,1.90583123645235,1.25));
#5059=CARTESIAN_POINT('',(2.86255013749199,1.12499998640416,0.));
#5060=CARTESIAN_POINT('Origin',(4.99973876166386,1.86683123645216,0.));
#5061=CARTESIAN_POINT('',(4.96073876166941,1.86683123645216,0.));
#5062=CARTESIAN_POINT('',(4.99973876166386,1.86683123645216,0.));
#5063=CARTESIAN_POINT('',(4.96073876166941,1.86683123645216,1.25));
#5064=CARTESIAN_POINT('',(4.96073876166941,1.86683123645216,0.));
#5065=CARTESIAN_POINT('',(4.99973876166386,1.86683123645216,1.25));
#5066=CARTESIAN_POINT('Origin',(4.96073876166941,-6.37736524860341,0.));
#5067=CARTESIAN_POINT('',(4.96073876166941,-6.33836524860342,0.));
#5068=CARTESIAN_POINT('',(4.96073876166941,-6.37736524860341,0.));
#5069=CARTESIAN_POINT('',(4.96073876166941,-6.33836524860342,1.25));
#5070=CARTESIAN_POINT('',(4.96073876166941,-6.33836524860342,0.));
#5071=CARTESIAN_POINT('',(4.96073876166941,-6.37736524860341,1.25));
#5072=CARTESIAN_POINT('Origin',(2.63973876164229,-6.33836524860417,0.));
#5073=CARTESIAN_POINT('',(2.67873876164231,-6.33836524860416,0.));
#5074=CARTESIAN_POINT('',(2.63973876164229,-6.33836524860417,0.));
#5075=CARTESIAN_POINT('',(2.67873876164231,-6.33836524860416,1.25));
#5076=CARTESIAN_POINT('',(2.67873876164231,-6.33836524860416,0.));
#5077=CARTESIAN_POINT('',(2.63973876164229,-6.33836524860417,1.25));
#5078=CARTESIAN_POINT('Origin',(2.67873876164268,-5.37499993504209,0.));
#5079=CARTESIAN_POINT('',(2.67873876164268,-5.37499993504209,0.));
#5080=CARTESIAN_POINT('',(2.67873876164268,-5.37499993504209,0.));
#5081=CARTESIAN_POINT('',(2.67873876164268,-5.37499993504209,1.25));
#5082=CARTESIAN_POINT('',(2.67873876164268,-5.37499993504209,0.));
#5083=CARTESIAN_POINT('',(2.67873876164268,-5.37499993504209,1.25));
#5084=CARTESIAN_POINT('Origin',(2.82355013749199,1.51541561142825,0.));
#5085=CARTESIAN_POINT('',(2.82355013749199,1.12499998640416,0.));
#5086=CARTESIAN_POINT('',(2.63973876164268,-5.37499993504208,0.));
#5087=CARTESIAN_POINT('Origin',(2.82355013749199,1.12499998640416,0.625));
#5088=CARTESIAN_POINT('',(2.82355013749199,1.12499998640416,1.25));
#5089=CARTESIAN_POINT('Origin',(2.82355013749199,1.51541561142825,1.25));
#5090=CARTESIAN_POINT('',(2.63973876164268,-5.37499993504208,1.25));
#5091=CARTESIAN_POINT('Origin',(2.63973876164268,-5.37499993504208,0.625));
#5092=CARTESIAN_POINT('Origin',(-4.33077683217743,-6.40204235833739,0.));
#5093=CARTESIAN_POINT('',(-2.10077683218529,-6.40204235833739,0.));
#5094=CARTESIAN_POINT('',(-4.33077683217743,-6.40204235833739,0.));
#5095=CARTESIAN_POINT('',(-2.10077683218529,-6.40204235833739,0.));
#5096=CARTESIAN_POINT('',(-2.10077683218529,-6.40204235833739,1.25));
#5097=CARTESIAN_POINT('',(-2.10077683218529,-6.40204235833739,0.));
#5098=CARTESIAN_POINT('',(-4.33077683217743,-6.40204235833739,1.25));
#5099=CARTESIAN_POINT('',(-2.10077683218529,-6.40204235833739,1.25));
#5100=CARTESIAN_POINT('',(-4.33077683217743,-6.40204235833739,0.));
#5101=CARTESIAN_POINT('Origin',(-4.33077683214782,1.90255210335235,0.));
#5102=CARTESIAN_POINT('',(-4.33077683214782,1.90255210335235,0.));
#5103=CARTESIAN_POINT('',(-4.33077683217743,-6.40204235833739,0.));
#5104=CARTESIAN_POINT('',(-4.33077683214782,1.90255210335235,1.25));
#5105=CARTESIAN_POINT('',(-4.33077683217743,-6.40204235833739,1.25));
#5106=CARTESIAN_POINT('',(-4.33077683214782,1.90255210335235,0.));
#5107=CARTESIAN_POINT('Origin',(-2.252847628809,1.90255210335235,0.));
#5108=CARTESIAN_POINT('',(-2.252847628809,1.90255210335235,0.));
#5109=CARTESIAN_POINT('',(-4.33077683214782,1.90255210335235,0.));
#5110=CARTESIAN_POINT('',(-2.252847628809,1.90255210335235,1.25));
#5111=CARTESIAN_POINT('',(-4.33077683214782,1.90255210335235,1.25));
#5112=CARTESIAN_POINT('',(-2.252847628809,1.90255210335235,0.));
#5113=CARTESIAN_POINT('Origin',(-2.252847628809,1.09900000686647,0.));
#5114=CARTESIAN_POINT('',(-2.252847628809,1.09900000686647,0.));
#5115=CARTESIAN_POINT('',(-2.252847628809,1.90255210335235,0.));
#5116=CARTESIAN_POINT('',(-2.252847628809,1.09900000686647,1.25));
#5117=CARTESIAN_POINT('',(-2.252847628809,1.90255210335235,1.25));
#5118=CARTESIAN_POINT('',(-2.252847628809,1.09900000686647,0.));
#5119=CARTESIAN_POINT('Origin',(-2.10077683218529,-6.40204235833739,0.));
#5120=CARTESIAN_POINT('',(-2.10077683218529,-5.37500003358261,0.));
#5121=CARTESIAN_POINT('',(-2.10077683218529,-5.37500003358261,0.));
#5122=CARTESIAN_POINT('',(-2.10077683218529,-5.37500003358261,1.25));
#5123=CARTESIAN_POINT('',(-2.10077683218529,-5.37500003358261,0.));
#5124=CARTESIAN_POINT('',(-2.10077683218529,-5.37500003358261,1.25));
#5125=CARTESIAN_POINT('Origin',(-4.33077683217743,-6.36304235833739,0.));
#5126=CARTESIAN_POINT('',(-2.13977683218529,-6.36304235833739,0.));
#5127=CARTESIAN_POINT('',(-4.29177683217729,-6.36304235833739,0.));
#5128=CARTESIAN_POINT('',(-2.10077683218529,-6.36304235833739,0.));
#5129=CARTESIAN_POINT('',(-4.29177683217729,-6.36304235833739,1.25));
#5130=CARTESIAN_POINT('',(-4.29177683217729,-6.36304235833739,0.));
#5131=CARTESIAN_POINT('',(-2.13977683218529,-6.36304235833739,1.25));
#5132=CARTESIAN_POINT('',(-2.10077683218529,-6.36304235833739,1.25));
#5133=CARTESIAN_POINT('',(-2.13977683218529,-6.36304235833739,0.));
#5134=CARTESIAN_POINT('Origin',(-4.29177683214782,1.90255210335221,0.));
#5135=CARTESIAN_POINT('',(-4.29177683214796,1.86355210335235,0.));
#5136=CARTESIAN_POINT('',(-4.29177683217743,-6.40204235833753,0.));
#5137=CARTESIAN_POINT('',(-4.29177683214796,1.86355210335235,1.25));
#5138=CARTESIAN_POINT('',(-4.29177683214796,1.86355210335235,0.));
#5139=CARTESIAN_POINT('',(-4.29177683217743,-6.40204235833753,1.25));
#5140=CARTESIAN_POINT('Origin',(-2.252847628809,1.86355210335235,0.));
#5141=CARTESIAN_POINT('',(-2.291847628809,1.86355210335235,0.));
#5142=CARTESIAN_POINT('',(-4.33077683214782,1.86355210335235,0.));
#5143=CARTESIAN_POINT('',(-2.291847628809,1.86355210335235,1.25));
#5144=CARTESIAN_POINT('',(-2.291847628809,1.86355210335235,0.));
#5145=CARTESIAN_POINT('',(-4.33077683214782,1.86355210335235,1.25));
#5146=CARTESIAN_POINT('Origin',(-2.291847628809,1.09900000686647,0.));
#5147=CARTESIAN_POINT('',(-2.291847628809,1.09900000686647,0.));
#5148=CARTESIAN_POINT('',(-2.291847628809,1.90255210335235,0.));
#5149=CARTESIAN_POINT('',(-2.291847628809,1.09900000686647,1.25));
#5150=CARTESIAN_POINT('',(-2.291847628809,1.09900000686647,0.));
#5151=CARTESIAN_POINT('',(-2.291847628809,1.90255210335235,1.25));
#5152=CARTESIAN_POINT('Origin',(-2.13977683218529,-6.40204235833739,0.));
#5153=CARTESIAN_POINT('',(-2.13977683218529,-5.37500003358261,0.));
#5154=CARTESIAN_POINT('',(-2.13977683218529,-5.37500003358261,0.));
#5155=CARTESIAN_POINT('',(-2.13977683218529,-5.37500003358261,1.25));
#5156=CARTESIAN_POINT('',(-2.13977683218529,-5.37500003358261,1.25));
#5157=CARTESIAN_POINT('',(-2.13977683218529,-5.37500003358261,0.));
#5158=CARTESIAN_POINT('Origin',(-3.21577683218136,-6.40204235833739,0.));
#5159=CARTESIAN_POINT('',(-2.10077683218529,-5.37500003358261,0.));
#5160=CARTESIAN_POINT('',(-2.252847628809,1.09900000686647,0.));
#5161=CARTESIAN_POINT('Origin',(-3.21577683218136,-6.40204235833739,1.25));
#5162=CARTESIAN_POINT('',(-2.252847628809,1.09900000686647,1.25));
#5163=CARTESIAN_POINT('',(-2.10077683218529,-5.37500003358261,1.25));
#5164=CARTESIAN_POINT('Origin',(-2.252847628809,1.09900000686647,0.625));
#5165=CARTESIAN_POINT('Origin',(-2.10077683218529,-5.37500003358261,0.625));
#5166=CARTESIAN_POINT('',(0.,0.,0.));
#5167=UNCERTAINTY_MEASURE_WITH_UNIT(LENGTH_MEASURE(0.000393700787401575),
#5174,'DISTANCE_ACCURACY_VALUE',
'Maximum model space distance between geometric entities at asserted c
onnectivities');
#5168=UNCERTAINTY_MEASURE_WITH_UNIT(LENGTH_MEASURE(0.000393700787401575),
#5174,'DISTANCE_ACCURACY_VALUE',
'Maximum model space distance between geometric entities at asserted c
onnectivities');
#5169=UNCERTAINTY_MEASURE_WITH_UNIT(LENGTH_MEASURE(0.000393700787401575),
#5174,'DISTANCE_ACCURACY_VALUE',
'Maximum model space distance between geometric entities at asserted c
onnectivities');
#5170=(
GEOMETRIC_REPRESENTATION_CONTEXT(3)
GLOBAL_UNCERTAINTY_ASSIGNED_CONTEXT((#5167))
GLOBAL_UNIT_ASSIGNED_CONTEXT((#5174,#5178,#5179))
REPRESENTATION_CONTEXT('','3D')
);
#5171=(
GEOMETRIC_REPRESENTATION_CONTEXT(3)
GLOBAL_UNCERTAINTY_ASSIGNED_CONTEXT((#5168))
GLOBAL_UNIT_ASSIGNED_CONTEXT((#5174,#5178,#5179))
REPRESENTATION_CONTEXT('','3D')
);
#5172=(
GEOMETRIC_REPRESENTATION_CONTEXT(3)
GLOBAL_UNCERTAINTY_ASSIGNED_CONTEXT((#5169))
GLOBAL_UNIT_ASSIGNED_CONTEXT((#5174,#5178,#5179))
REPRESENTATION_CONTEXT('','3D')
);
#5173=DIMENSIONAL_EXPONENTS(1.,0.,0.,0.,0.,0.,0.);
#5174=(
CONVERSION_BASED_UNIT('inch',#5177)
LENGTH_UNIT()
NAMED_UNIT(#5173)
);
#5175=(
LENGTH_UNIT()
NAMED_UNIT(*)
SI_UNIT(.MILLI.,.METRE.)
);
#5176=(
LENGTH_UNIT()
NAMED_UNIT(*)
SI_UNIT($,.METRE.)
);
#5177=LENGTH_MEASURE_WITH_UNIT(LENGTH_MEASURE(25.4),#5175);
#5178=(
NAMED_UNIT(*)
PLANE_ANGLE_UNIT()
SI_UNIT($,.RADIAN.)
);
#5179=(
NAMED_UNIT(*)
SI_UNIT($,.STERADIAN.)
SOLID_ANGLE_UNIT()
);
#5180=SHAPE_DEFINITION_REPRESENTATION(#5182,#5185);
#5181=SHAPE_DEFINITION_REPRESENTATION(#5183,#5186);
#5182=PRODUCT_DEFINITION_SHAPE('',$,#5188);
#5183=PRODUCT_DEFINITION_SHAPE('',$,#5189);
#5184=PRODUCT_DEFINITION_SHAPE($,$,#14);
#5185=SHAPE_REPRESENTATION('',(#3225,#3435),#5170);
#5186=SHAPE_REPRESENTATION('',(#3226),#5171);
#5187=PRODUCT_DEFINITION_CONTEXT('part definition',#5195,'design');
#5188=PRODUCT_DEFINITION('2025-11-14-20-04-40-967','LOG',#5190,#5187);
#5189=PRODUCT_DEFINITION('2025-11-14-20-07-37-900','BaseChassis',#5191,
#5187);
#5190=PRODUCT_DEFINITION_FORMATION('',$,#5197);
#5191=PRODUCT_DEFINITION_FORMATION('',$,#5198);
#5192=PRODUCT_RELATED_PRODUCT_CATEGORY('LOG','LOG',(#5197));
#5193=PRODUCT_RELATED_PRODUCT_CATEGORY('BaseChassis','BaseChassis',(#5198));
#5194=APPLICATION_PROTOCOL_DEFINITION('international standard',
'automotive_design',2009,#5195);
#5195=APPLICATION_CONTEXT(
'Core Data for Automotive Mechanical Design Process');
#5196=PRODUCT_CONTEXT('part definition',#5195,'mechanical');
#5197=PRODUCT('2025-11-14-20-04-40-967','LOG',$,(#5196));
#5198=PRODUCT('2025-11-14-20-07-37-900','BaseChassis',$,(#5196));
#5199=PRESENTATION_STYLE_ASSIGNMENT((#5201));
#5200=PRESENTATION_STYLE_ASSIGNMENT((#5202));
#5201=SURFACE_STYLE_USAGE(.BOTH.,#5203);
#5202=SURFACE_STYLE_USAGE(.BOTH.,#5204);
#5203=SURFACE_SIDE_STYLE('',(#5205));
#5204=SURFACE_SIDE_STYLE('',(#5206));
#5205=SURFACE_STYLE_FILL_AREA(#5207);
#5206=SURFACE_STYLE_FILL_AREA(#5208);
#5207=FILL_AREA_STYLE('Steel - Satin',(#5209));
#5208=FILL_AREA_STYLE('ABS (White)',(#5210));
#5209=FILL_AREA_STYLE_COLOUR('Steel - Satin',#5211);
#5210=FILL_AREA_STYLE_COLOUR('ABS (White)',#5212);
#5211=COLOUR_RGB('Steel - Satin',0.627450980392157,0.627450980392157,0.627450980392157);
#5212=COLOUR_RGB('ABS (White)',0.,0.,0.);
ENDSEC;
END-ISO-10303-21;
